문제ID,설계, 난이도,내용,보기1,보기2,보기3,보기4,보기답
DESIGN_VE_VE_001,설계,VERY EASY,"식 $5 - 2 \times (-3)$을 올바르게 계산한 결과는?","곱셈 기호를 확인하고 먼저 계산할 부분을 파악한다.","$2 \times (-3)$을 계산하여 $-6$을 구한다.","원래 식에 대입하여 $5 - (-6)$의 형태를 만든다.","뺄셈을 덧셈으로 바꾸어 최종 결과인 $11$을 구한다.",1-2-3-4
DESIGN_VE_VE_002,설계,VERY EASY,"자연수 $12$를 소인수분해 한 결과는?","주어진 수 $12$를 가장 작은 소수인 $2$로 나눈다.","몫인 $6$을 다시 소수 $2$로 나눈다.","마지막 몫이 소수 $3$이 됨을 확인한다.","나눈 소수들을 곱셈 기호로 연결하여 $2^2 \times 3$으로 나타낸다.",1-2-3-4
DESIGN_VE_VE_003,설계,VERY EASY,"일차방정식 $3x - 4 = 5$의 해는?","일차방정식에서 상수항 $-4$를 우변으로 이항한다.","이항한 우변의 식 $5 + 4$를 계산하여 $9$를 구한다.","방정식이 $3x = 9$의 형태가 됨을 확인한다.","양변을 $x$의 계수인 $3$으로 나누어 $x=3$을 구한다.",1-2-3-4
DESIGN_VE_VE_004,설계,VERY EASY,"$x=2$일 때 대수식 $4x - 5$의 값은?","주어진 식 $4x - 5$에서 변수 $x$의 위치를 파악한다.","변수 $x$ 대신에 주어진 값 $2$를 대입한다.","곱셈 기호를 살려 $4 \times 2 - 5$로 식을 다시 쓴다.","곱셈을 먼저 계산한 후 뺄셈을 하여 최종 값을 구한다.",1-2-3-4
DESIGN_VE_VE_005,설계,VERY EASY,"지수법칙을 이용하여 식 $x^2 \times x^3$을 간단히 하면?","밑이 같은 두 거듭제곱의 곱셈임을 확인한다.","지수법칙에 따라 곱셈은 지수의 덧셈으로 계산됨을 떠올린다.","지수 부분의 $2$와 $3$을 더하는 식을 세운다.","덧셈을 계산하여 최종적으로 $x^5$으로 간단히 한다.",1-2-3-4
DESIGN_VE_VE_006,설계,VERY EASY,"일차부등식 $2x > 6$의 해는?","부등식에서 미지수 $x$가 포함된 항과 상수항을 확인한다.","양변을 $x$의 계수인 $2$로 나눈다.","나누는 수 $2$가 양수이므로 부등호의 방향이 바뀌지 않음을 확인한다.","나눗셈을 계산하여 최종 해인 $x > 3$을 구한다.",1-2-3-4
DESIGN_VE_VE_007,설계,VERY EASY,"연립방정식 $y=2x$ 와 $x+y=6$ 의 해를 구하면?","두 방정식 중 첫 번째 식이 $y$에 관해 정리되어 있음을 확인한다.","두 번째 식의 $y$ 자리에 $2x$를 대입한다.","식을 $x + 2x = 6$으로 정리하여 $3x = 6$을 만든다.","양변을 $3$으로 나누어 $x=2$를 구하고 이를 대입해 $y=4$를 구한다.",1-2-3-4
DESIGN_VE_VE_008,설계,VERY EASY,"다항식 $(2x + 3) + (x - 1)$을 간단히 하면?","괄호를 풀고 식을 $2x + 3 + x - 1$로 나열한다.","문자가 같은 동류항 $2x$와 $x$를 모은다.","상수항인 $3$과 $-1$을 모은다.","동류항끼리 덧셈을 하여 $3x + 2$로 간단히 한다.",1-2-3-4
DESIGN_VE_009,설계,VERY EASY,"무리수의 덧셈 $\sqrt{16} + \sqrt{9}$를 계산한 값은?","첫 번째 무리수 안의 $16$이 $4$의 제곱임을 확인한다.","근호를 벗겨 $\sqrt{16}$을 $4$로 바꾼다.","두 번째 무리수 안의 $9$가 $3$의 제곱이므로 $3$으로 바꾼다.","유리수로 바뀐 두 수 $4$와 $3$을 더하여 $7$을 구한다.",1-2-3-4
DESIGN_VE_010,설계,VERY EASY,"다항식의 곱셈 $(x+1)(x+2)$를 전개하면?","다항식의 곱셈에서 분배법칙을 어떻게 적용할지 순서를 정한다.","$x$를 괄호 안의 $x$와 $2$에 각각 곱하여 $x^2+2x$를 얻는다.","$1$을 괄호 안의 $x$와 $2$에 각각 곱하여 $x+2$를 얻는다.","두 결과를 더하고 동류항을 정리하여 $x^2+3x+2$를 구한다.",1-2-3-4
DESIGN_VE_VE_011,설계,VERY EASY,"이차방정식 $x^2 - 4 = 0$의 해는?","주어진 이차방정식에서 상수항 $-4$를 우변으로 이항한다.","식이 $x^2 = 4$의 형태가 됨을 확인한다.","제곱해서 $4$가 되는 수는 양수와 음수 두 개가 있음을 떠올린다.","$4$의 제곱근을 구하여 $x = 2$ 또는 $x = -2$를 답으로 적는다.",1-2-3-4
DESIGN_VE_VE_012,설계,VERY EASY,"분수의 덧셈 $\frac{1}{2} + \frac{1}{3}$을 계산한 값은?","두 분수의 분모인 $2$와 $3$이 서로 다름을 확인한다.","두 분모 $2$와 $3$의 최소공배수인 $6$을 구한다.","두 분수가 분모 $6$을 가지도록 각각 $\frac{3}{6}$과 $\frac{2}{6}$으로 통분한다.","분모를 그대로 두고 분자끼리 더하여 $\frac{5}{6}$를 구한다.",1-2-3-4
DESIGN_VE_013,설계,VERY EASY,"절댓값이 포함된 식 $|-5| + 2$의 값은?","절댓값 기호 안의 수가 $-5$로 음수임을 확인한다.","음수의 절댓값은 부호를 떼어낸 양수가 되므로 $5$로 바꾼다.","식을 $5 + 2$의 덧셈식으로 다시 쓴다.","덧셈을 계산하여 최종 결과인 $7$을 구한다.",1-2-3-4
DESIGN_VE_014,설계,VERY EASY,"순환소수 $0.\dot{3}$을 기약분수로 나타내면?","순환마디를 이루는 숫자의 개수를 센다.","순환마디 숫자 개수만큼 분모에 $9$를 적는다.","순환마디의 숫자를 분자에 적어 $\frac{3}{9}$을 만든다.","분모와 분자를 최대공약수인 $3$으로 약분하여 $\frac{1}{3}$을 구한다.",1-2-3-4
DESIGN_VE_015,설계,VERY EASY,"지수법칙을 이용하여 $(x^2)^3$을 간단히 하면?","괄호 안의 거듭제곱 전체가 다시 거듭제곱 된 형태임을 파악한다.","거듭제곱의 거듭제곱은 두 지수를 곱해야 함을 떠올린다.","지수인 $2$와 $3$을 서로 곱하는 식을 세운다.","곱셈을 계산하여 $x^6$으로 간단히 나타낸다.",1-2-3-4
DESIGN_VE_016,설계,VERY EASY,"분수의 나눗셈 $\frac{2}{3} \div \frac{1}{5}$을 계산한 결과는?","나눗셈 기호를 곱셈 기호로 바꾸어야 함을 확인한다.","나누는 수인 $\frac{1}{5}$의 분모와 분자 위치를 바꾼 역수 $5$를 구한다.","원래 식을 $\frac{2}{3} \times 5$의 곱셈식으로 바꾼다.","분자 $2$와 $5$를 곱하여 최종 결과인 $\frac{10}{3}$을 구한다.",1-2-3-4
DESIGN_VE_017,설계,VERY EASY,"다항식 $2x^2 + 4x$를 공통인수를 이용하여 인수분해하면?","주어진 다항식의 각 항인 $2x^2$과 $4x$를 살핀다.","두 항의 계수인 $2$와 $4$의 최대공약수 $2$를 찾는다.","두 항에 공통으로 들어있는 문자 $x$를 찾는다.","공통인수 $2x$로 묶어내어 $2x(x + 2)$로 인수분해한다.",1-2-3-4
DESIGN_VE_018,설계,VERY EASY,"일차방정식 $2(x - 1) = 6$의 해는?","방정식 좌변의 괄호를 풀기 위해 분배법칙을 적용한다.","$2$를 $x$와 $-1$에 각각 곱하여 $2x - 2 = 6$을 만든다.","상수항 $-2$를 우변으로 이항하여 $2x = 8$을 만든다.","양변을 $2$로 나누어 해인 $x = 4$를 구한다.",1-2-3-4
DESIGN_VE_019,설계,VERY EASY,"단항식의 곱셈 $3a \times 2b$를 간단히 하면?","주어진 두 단항식의 곱셈에서 계수와 문자를 구분한다.","계수인 $3$과 $2$를 따로 묶어서 곱한다.","문자인 $a$와 $b$를 따로 묶어서 곱한다.","계수의 곱인 $6$과 문자의 곱인 $ab$를 합쳐 $6ab$로 나타낸다.",1-2-3-4
DESIGN_VE_020,설계,VERY EASY,"이차함수 $y = x^2 + 2x$에서 $x=1$일 때의 함숫값은?","주어진 이차함수 식에서 $x$가 들어갈 자리를 확인한다.","모든 $x$의 자리에 주어진 값인 $1$을 대입한다.","대입한 식 $y = 1^2 + 2 \times 1$을 세운다.","거듭제곱과 곱셈을 먼저 계산한 뒤 더하여 $y=3$을 구한다.",1-2-3-4
DESIGN_VE_021,설계,VERY EASY,"$-4$와 그 수의 절댓값이 같고 부호가 반대인 수의 합은?","주어진 수 $-4$를 확인한다.","$-4$와 부호가 반대이고 절댓값이 같은 수인 $+4$를 찾는다.","두 수의 덧셈 식인 $-4 + 4$를 세운다.","부호가 다르고 절댓값이 같은 두 수의 합은 $0$이 됨을 확인한다.",1-2-3-4
DESIGN_VE_022,설계,VERY EASY,"$a < b$일 때 $a+3$과 $b+3$의 대소 관계는?","주어진 조건인 부등식 $a < b$를 확인한다.","부등식의 양변에 같은 수 $3$이 더해졌음을 파악한다.","부등식의 양변에 같은 수를 더해도 부등호의 방향은 바뀌지 않음을 떠올린다.","기존 부등호 방향을 그대로 유지하여 $a+3 < b+3$임을 결론 내린다.",1-2-3-4
DESIGN_VE_023,설계,VERY EASY,"합차공식을 이용하여 $(x+3)(x-3)$을 전개하면?","두 일차식의 덧셈과 뺄셈 기호만 다르고 형태가 같음을 확인한다.","합차공식인 $(a+b)(a-b) = a^2 - b^2$을 적용해야 함을 떠올린다.","공식에 따라 앞의 항 $x$를 제곱하여 $x^2$을 만든다.","뒤의 항 $3$을 제곱한 $9$를 뺀 형태인 $x^2 - 9$를 적는다.",1-2-3-4
DESIGN_VE_024,설계,VERY EASY,"두 수 $4$와 $6$의 최소공배수는?","주어진 두 수 $4$와 $6$을 $2$로 나눌 수 있는지 확인한다.","두 수를 $2$로 나누어 각각 몫인 $2$와 $3$을 구한다.","더 이상 공통인 소수로 나눌 수 없음을 확인한다.","나눈 소수 $2$와 남은 몫 $2$, $3$을 모두 곱하여 최소공배수 $12$를 구한다.",1-2-3-4
DESIGN_VE_025,설계,VERY EASY,"제곱근의 곱셈 $\sqrt{2} \times \sqrt{8}$을 간단히 하면?","두 무리수가 곱셈 기호로 연결되어 있음을 확인한다.","근호 안의 양수끼리 먼저 곱할 수 있다는 성질을 떠올린다.","큰 근호 하나를 그리고 그 안에서 $2$와 $8$을 곱하여 $\sqrt{16}$을 만든다.","$16$은 $4$의 제곱이므로 근호를 벗겨내어 $4$로 간단히 한다.",1-2-3-4
DESIGN_E_001,설계,EASY,"일차방정식 $3(x - 2) = 2x + 5$의 해는?","분배법칙을 이용하여 좌변의 괄호를 풀어 $3x - 6 = 2x + 5$로 만든다.","$x$가 포함된 항은 좌변으로, 상수항은 우변으로 이항한다.","양변의 동류항을 각각 계산하여 $x = 11$로 정리한다.","계산된 $x$의 값을 최종 해로 확정한다.",1-2-3-4
DESIGN_E_002,설계,EASY,"연립방정식 $2x + y = 7$, $x - y = 2$의 해를 구하면?","두 일차방정식에서 $y$의 계수의 절댓값이 같고 부호가 반대임을 확인한다.","두 방정식을 변끼리 더하여 $y$를 소거하는 식 $3x = 9$를 세운다.","양변을 $3$으로 나누어 $x$의 값인 $3$을 구한다.","구한 $x=3$을 원래 방정식에 대입하여 $y$의 값인 $1$을 구한다.",1-2-3-4
DESIGN_E_003,설계,EASY,"이차식 $x^2 + 5x + 6$을 올바르게 인수분해한 것은?","이차항의 계수가 $1$인 식의 형태임을 파악한다.","곱하여 상수항인 $6$이 나오는 두 정수의 조합들을 모두 찾는다.","찾은 조합들 중 합하여 $x$의 계수인 $5$가 되는 두 수 $2$와 $3$을 고른다.","선택한 두 수를 이용하여 $(x+2)(x+3)$으로 인수분해한다.",1-2-3-4
DESIGN_E_004,설계,EASY,"이차방정식 $x^2 - 3x - 10 = 0$의 해는?","주어진 이차방정식의 좌변을 인수분해하기 위해 합해서 $-3$, 곱해서 $-10$이 되는 두 수를 찾는다.","찾은 두 수 $2$와 $-5$를 이용하여 좌변을 $(x+2)(x-5)$로 인수분해한다.","$AB=0$이면 $A=0$ 또는 $B=0$이라는 이차방정식 풀이의 기본 성질을 떠올린다.","$x+2=0$ 또는 $x-5=0$을 풀어 해인 $x=-2$ 또는 $x=5$를 구한다.",1-2-3-4
DESIGN_E_005,설계,EASY,"지수법칙을 이용하여 $(2x^2 y)^3$을 간단히 한 결과는?","괄호 안의 단항식 전체가 세제곱으로 묶여 있음을 파악한다.","지수법칙을 적용하여 상수인 $2$를 세제곱하여 $8$을 구한다.","문자의 지수법칙을 적용하여 $x^2$의 세제곱인 $x^6$과 $y$의 세제곱인 $y^3$을 각각 구한다.","상수와 문자의 계산 결과를 모두 곱하여 $8x^6y^3$으로 묶어서 정리한다.",1-2-3-4
DESIGN_E_006,설계,EASY,"$x=3, y=-1$일 때, 식 $2x^2 - 3y$의 값은?","주어진 다항식에서 변수 $x$와 $y$의 위치를 정확히 파악한다.","$x$ 자리에 $3$을, $y$ 자리에 $-1$을 각각 대입하여 $2 \times 3^2 - 3 \times (-1)$의 식을 세운다.","거듭제곱인 $3^2$을 먼저 계산하여 $9$를 구하고, 이를 이용해 곱셈 부분을 계산한다.","앞의 곱셈 결과 $18$과 뒤의 곱셈 결과 $-3$을 빼서 최종 값인 $21$을 구한다.",1-2-3-4
DESIGN_E_07,설계,EASY,"무리수의 덧셈 $\sqrt{12} + \sqrt{27}$을 간단히 하면?","각 근호 안의 수를 소인수분해하여 밖으로 꺼낼 수 있는 제곱수를 찾는다.","제곱수를 근호 밖으로 꺼내어 식을 $2\sqrt{3} + 3\sqrt{3}$으로 변환한다.","두 무리수가 근호 안의 수가 같은 동류항 형태임을 확인한다.","근호 밖의 유리수 부분인 $2$와 $3$을 더하여 최종 결과인 $5\sqrt{3}$을 구한다.",1-2-3-4
DESIGN_E_008,설계,EASY,"일차부등식 $-2x + 4 < 10$의 해는?","부등식에서 상수항 $4$를 우변으로 이항하고 동류항을 계산하여 $-2x < 6$을 만든다.","$x$의 계수가 $-2$이므로 양변을 음수인 $-2$로 나누어야 함을 확인한다.","음수로 부등식의 양변을 나누면 부등호의 방향이 반대로 바뀌어야 함을 떠올린다.","부등호 방향을 바꾸고 나눗셈을 계산하여 해인 $x > -3$을 구한다.",1-2-3-4
DESIGN_E_009,설계,EASY,"분수식 $\frac{x+1}{2} - \frac{x-2}{3}$를 하나의 분수로 간단히 하면?","두 분수의 분모인 $2$와 $3$의 최소공배수가 $6$임을 구한다.","분모가 $6$이 되도록 첫 번째 분자의 괄호에는 $3$을, 두 번째 분자의 괄호에는 $2$를 곱하는 식을 세운다.","분자의 괄호를 분배법칙으로 풀고, 뺄셈 기호를 적용하여 식을 $\frac{3x+3-2x+4}{6}$로 합친다.","분자의 동류항을 계산하여 최종적으로 $\frac{x+7}{6}$을 구한다.",1-2-3-4
DESIGN_E_010,설계,EASY,"분모를 유리화하여 $\frac{6}{\sqrt{3}}$을 간단히 한 결과는?","주어진 분수의 분모가 무리수 $\sqrt{3}$임을 확인한다.","분모를 유리화하기 위해 분모와 분자에 똑같이 $\sqrt{3}$을 곱한다.","분모의 곱셈 $\sqrt{3} \times \sqrt{3}$을 계산하여 유리수 $3$으로 만든다.","분자의 $6\sqrt{3}$을 분모의 $3$으로 약분하여 $2\sqrt{3}$을 구한다.",1-2-3-4
DESIGN_E_011,설계,EASY,"순환소수의 덧셈 $0.\dot{4} + 0.\dot{5}$를 계산한 값은?","두 순환소수를 직접 더하기보다 분수로 바꾸어 계산할 계획을 세운다.","순환마디의 규칙을 이용하여 $0.\dot{4}$를 분수 $\frac{4}{9}$로 고친다.","같은 방법으로 $0.\dot{5}$를 분수 $\frac{5}{9}$로 고친다.","분모가 같은 두 분수를 더하여 $\frac{9}{9}$를 만들고, 이를 약분하여 정수 $1$을 구한다.",1-2-3-4
DESIGN_E_012,설계,EASY,"이차함수 $y=x^2-4x+3$의 그래프가 $y$축과 만나는 점의 $y$좌표는?","그래프가 $y$축과 만나는 점의 $y$좌표는 곧 $y$절편을 의미함을 떠올린다.","$y$절편을 구하기 위해 이차함수 식의 $x$에 $0$을 대입해야 함을 파악한다.","$x=0$을 대입한 식 $y = 0^2 - 4 \times 0 + 3$을 계산한다.","계산 결과 남은 상수항 $3$을 $y$절편이자 찾는 $y$좌표로 확정한다.",1-2-3-4
DESIGN_E_013,설계,EASY,"부등식 $\sqrt{3x} < 5$를 만족하는 자연수 $x$의 개수는?","부등식의 한 변에는 근호가 있고, 다른 한 변에는 근호가 없음을 파악한다.","부등호의 양변을 제곱하여 근호를 없애는 식인 $3x < 25$를 세운다.","양변을 $3$으로 나누어 $x < \frac{25}{3}$의 범위를 구한다.","$\frac{25}{3}$가 $8.33\cdots$임을 이용하여 범위를 만족하는 자연수 $x$가 $1$부터 $8$까지 총 $8$개임을 구한다.",1-2-3-4
DESIGN_E_014,설계,EASY,"완전제곱식 공식을 이용하여 $(2x-y)^2$을 전개하면?","주어진 식이 완전제곱식 형태인 $(a-b)^2 = a^2 - 2ab + b^2$ 임을 파악한다.","앞의 항인 $2x$를 전체 제곱하여 $4x^2$을 만든다.","앞의 항 $2x$와 뒤의 항 $y$를 곱하고 $2$배를 한 뒤, 부호를 붙여 가운데 항인 $-4xy$를 구한다.","뒤의 항인 $y$를 전체 제곱한 $y^2$을 더하여 전체 식 $4x^2 - 4xy + y^2$을 완성한다.",1-2-3-4
DESIGN_E_015,설계,EASY,"치환을 이용하여 $(x+1)^2 - 4$를 인수분해하면?","반복되는 괄호 안의 식 $x+1$을 하나의 문자 $A$로 치환하여 식을 $A^2 - 4$로 나타낸다.","식이 제곱의 차 형태인 $A^2 - 2^2$임을 파악한다.","합차공식을 이용하여 주어진 식을 $(A+2)(A-2)$로 먼저 인수분해한다.","$A$ 자리에 원래의 식 $x+1$을 다시 대입하고 식을 정리하여 $(x+3)(x-1)$을 구한다.",1-2-3-4
DESIGN_E_016,설계,EASY,"$y$가 $x$에 반비례하고 $x=2$일 때 $y=6$이다. $x=4$일 때 $y$의 값은?","두 변수가 반비례 관계이므로 기본 함수식을 $y=\frac{a}{x}$의 형태로 세운다.","주어진 조건인 $x=2, y=6$을 함수식에 대입하여 $6 = \frac{a}{2}$라는 방정식을 만든다.","방정식을 풀어 비례상수 $a=12$를 구하고 온전한 함수식 $y=\frac{12}{x}$를 완성한다.","완성된 식에 다시 $x=4$를 대입하여 구하고자 하는 $y$의 값인 $3$을 얻는다.",1-2-3-4
DESIGN_E_017,설계,EASY,"이차방정식 $x^2 - 5x + 2 = 0$의 해를 올바르게 구하는 방법은?","주어진 이차방정식이 정수 범위에서 쉽게 인수분해되지 않음을 확인한다.","이차방정식의 근의 공식인 $x = \frac{-b \pm \sqrt{b^2 - 4ac}}{2a}$를 떠올린다.","주어진 식의 계수인 $a=1, b=-5, c=2$를 공식에 맞게 대입한다.","근호 안의 식 $(-5)^2 - 4 \times 1 \times 2$를 계산하여 최종 해 $x = \frac{5 \pm \sqrt{17}}{2}$을 구한다.",1-2-3-4
DESIGN_E_018,설계,EASY,"다항식 $4x^2y - 6xy^2$을 $2xy$로 나눈 결과는?","다항식을 단항식으로 나누는 계산이므로 분수 꼴인 $\frac{4x^2y - 6xy^2}{2xy}$로 나타낸다.","분자의 각 항을 분모 $2xy$로 나누기 위해 식을 $\frac{4x^2y}{2xy} - \frac{6xy^2}{2xy}$로 분리한다.","첫 번째 분수에서 계수와 문자를 각각 약분하여 $2x$를 구한다.","두 번째 분수에서 약분하여 $3y$를 구하고, 뺄셈 기호로 연결하여 $2x - 3y$를 완성한다.",1-2-3-4
DESIGN_E_019,설계,EASY,"일차함수 $y=3x-2$의 그래프를 $y$축의 방향으로 $4$만큼 평행이동한 식은?","주어진 일차함수의 원래 식 $y=3x-2$를 확인한다.","$y$축 방향으로 평행이동하는 것은 원래 함수식의 끝에 그 값만큼을 더하는 것임을 떠올린다.","원래 식 뒤에 평행이동하는 값인 $+4$를 붙여 $y = 3x - 2 + 4$를 세운다.","상수항 부분을 계산하여 최종적으로 평행이동된 식인 $y = 3x + 2$를 구한다.",1-2-3-4
DESIGN_E_020,설계,EASY,"정팔각형의 한 내각의 크기를 구하는 과정은?","정다각형의 한 내각을 구하기 위해 먼저 다각형의 내각의 총합 공식을 떠올린다.","공식 $180^\circ \times (n-2)$에 $n=8$을 대입하여 내각의 총합인 $1080^\circ$를 구한다.","정팔각형은 모든 내각의 크기가 같다는 성질을 떠올린다.","내각의 총합 $1080^\circ$를 꼭짓점의 개수인 $8$로 나누어 한 내각의 크기인 $135^\circ$를 구한다.",1-2-3-4
DESIGN_E_021,설계,EASY,"식 $2^4 \times 5^3$을 계산하여 이 수가 몇 자리 자연수인지 구하려면?","주어진 식에서 밑이 $2$와 $5$임을 확인하고, 이를 묶어 $10$의 거듭제곱으로 만들 계획을 세운다.","지수가 더 작은 쪽에 맞추기 위해 $2^4$을 $2^1 \times 2^3$으로 분리한다.","식을 $2 \times (2^3 \times 5^3)$으로 정리하고 지수법칙으로 묶어 $2 \times 10^3$을 만든다.","$10^3$은 뒤에 $0$이 $3$개 붙는 것을 의미하므로, $2$ 뒤에 $0$이 세 개 붙은 $4$자리 수임을 구한다.",1-2-3-4
DESIGN_E_022,설계,EASY,"비례식 $(x+1) : 3 = 4 : 2$를 만족하는 $x$의 값은?","비례식에서는 외항의 곱과 내항의 곱이 항상 같다는 성질을 떠올린다.","내항인 $3$과 $4$를 곱하여 $12$를 구한다.","외항인 $(x+1)$과 $2$를 곱하여 내항의 곱과 같다는 일차방정식 $2(x+1) = 12$를 세운다.","방정식의 양변을 $2$로 나누고 $1$을 이항하여 최종 해 $x=5$를 구한다.",1-2-3-4
DESIGN_E_023,설계,EASY,"제곱근의 성질을 이용하여 $\sqrt{(-5)^2}$을 간단히 한 결과는?","근호 안의 식이 음수 $-5$의 제곱 형태임을 파악한다.","$\sqrt{A^2}$의 꼴에서 결과는 항상 절댓값 $|A|$로 나온다는 중요한 성질을 떠올린다.","제곱 기호와 근호를 없애면서 괄호 안의 수 $-5$에 절댓값 기호를 씌워 $|-5|$로 나타낸다.","음수의 절댓값은 부호를 바꾼 양수가 되므로 최종 결과로 $5$를 구한다.",1-2-3-4
DESIGN_E_024,설계,EASY,"다항식의 곱셈 $(2x-1)(x+4)$를 전개할 때 $x$의 계수는?","두 일차식의 전개 과정에서 $x$ 1차항이 만들어지는 분배법칙의 조합을 먼저 파악한다.","앞 괄호의 $2x$와 뒤 괄호의 상수항 $4$를 곱하여 $8x$를 구한다.","앞 괄호의 상수항 $-1$과 뒤 괄호의 $x$를 곱하여 $-x$를 구한다.","구해진 두 동류항 $8x$와 $-x$를 더하여 최종 $x$의 계수인 $7$을 구한다.",1-2-3-4
DESIGN_E_025,설계,EASY,"이차함수 $y=-2(x-3)^2+1$의 그래프의 꼭짓점의 좌표는?","주어진 이차함수 식이 표준형인 $y=a(x-p)^2+q$의 형태인지 확인한다.","완전제곱식 안이 $0$이 되게 하는 $x$의 값을 찾아 꼭짓점의 $x$좌표인 $3$을 구한다.","식 전체 뒤에 더해져 있는 상수항을 그대로 읽어 꼭짓점의 $y$좌표인 $1$을 구한다.","구한 두 좌표를 순서쌍 기호 안에 넣어 꼭짓점의 좌표 $(3, 1)$을 완성한다.",1-2-3-4
DESIGN_H_001,설계,HARD,"이차함수 $y=-x^2+2ax-a^2+2a-4$의 그래프의 꼭짓점이 제 3사분면 위에 있을 때, 상수 $a$의 값의 범위는?","주어진 이차함수 식을 완전제곱식을 이용하여 $y=a(x-p)^2+q$ 형태의 표준형으로 바꾼다.","꼭짓점의 $x$좌표와 $y$좌표를 상수 $a$에 관한 식으로 각각 구한다.","꼭짓점이 제 3사분면에 있으므로 $x$좌표와 $y$좌표가 모두 음수라는 부등식을 세운다.","두 부등식을 각각 풀고 공통 범위를 구하여 최종 $a$의 범위를 확정한다.",1-2-3-4
DESIGN_H_002,설계,HARD,"두 직선 $2x-y=3$과 $x+y=6$의 교점을 지나고 직선 $y=3x-1$에 평행한 일차함수의 식은?","주어진 두 직선의 방정식을 연립하여 풀 준비를 한다.","연립방정식을 풀어 두 직선이 만나는 교점의 좌표를 구한다.","구하고자 하는 직선이 $y=3x-1$과 평행하므로 기울기가 $3$임을 파악한다.","구한 기울기와 교점의 좌표를 일차함수 기본 형태에 대입하여 식을 완성한다.",1-2-3-4
DESIGN_H_003,설계,HARD,"무리수의 계산 $\frac{\sqrt{3}}{\sqrt{2}} - \frac{\sqrt{24}-\sqrt{6}}{\sqrt{3}}$을 간단히 한 결과는?","첫 번째 분수의 분모와 분자에 $\sqrt{2}$를 곱하여 분모를 유리화한다.","두 번째 분수의 분자에서 $\sqrt{24}$를 $2\sqrt{6}$으로 변형한 후 동류항을 계산하여 $\sqrt{6}$으로 간단히 한다.","간단해진 두 번째 분수의 분모와 분자에 $\sqrt{3}$을 곱하여 분모를 유리화한다.","유리화된 두 분수의 분모를 통분하고 뺄셈을 수행하여 최종 결과를 구한다.",1-2-3-4
DESIGN_H_004,설계,HARD,"$x$에 대한 이차방정식 $(k-2)x^2 - 4x + 1 = 0$이 서로 다른 두 근을 가질 때, 상수 $k$의 범위는?","주어진 식이 '이차방정식'이 되어야 하므로 이차항의 계수인 $k-2$가 $0$이 아니라는 조건을 찾는다.","이차방정식이 서로 다른 두 근을 가질 조건인 판별식 $b^2-4ac > 0$을 떠올린다.","계수를 판별식에 대입하여 $k$에 대한 일차부등식을 세우고 푼다.","부등식의 해와 첫 번째 단계에서 찾은 조건인 $k \neq 2$를 결합하여 최종 범위를 구한다.",1-2-3-4
DESIGN_H_005,설계,HARD,"일차방정식 $0.\dot{2}x - 1.\dot{3} = 0.\dot{5}$를 만족하는 $x$의 값은?","방정식에 포함된 모든 순환소수의 순환마디를 파악하여 각각 분수 형태로 변환한다.","변환된 분수를 원래 방정식에 대입하여 계수가 분수인 일차방정식을 만든다.","양변에 분모의 최소공배수를 곱하여 계수를 모두 정수로 바꾼다.","정수로 바뀐 일차방정식에서 이항과 나눗셈을 통해 $x$의 값을 구한다.",1-2-3-4
DESIGN_H_006,설계,HARD,"다항식 $x^2 y - y - x^2 + 1$을 올바르게 인수분해한 것은?","항이 $4$개인 다항식이므로 두 항씩 짝을 지어 공통인수를 찾을 계획을 세운다.","앞의 두 항에서 $y$를, 뒤의 두 항에서 $-1$을 묶어내어 $y(x^2 - 1) - (x^2 - 1)$로 식을 바꾼다.","새롭게 만들어진 공통부분인 $(x^2 - 1)$로 식 전체를 묶어낸다.","괄호 안의 합차공식 형태인 $(x^2 - 1)$을 한 번 더 인수분해하여 최종 식을 완성한다.",1-2-3-4
DESIGN_H_007,설계,HARD,"연립방정식 $ax+by=5$, $bx-ay=2$의 해가 $x=1, y=-1$일 때, 상수 $a, b$에 대하여 $a+b$의 값은?","주어진 해 $x=1, y=-1$을 두 일차방정식의 $x$와 $y$ 자리에 각각 대입한다.","미지수가 $a$와 $b$인 새로운 형태의 연립방정식을 만든다.","새로운 연립방정식을 가감법이나 대입법으로 풀어 $a$와 $b$의 값을 각각 구한다.","구한 상수 $a$와 $b$의 값을 더하여 최종 결과를 계산한다.",1-2-3-4
DESIGN_H_008,설계,HARD,"지면에서 초속 $20\text{m}$로 똑바로 위로 던져 올린 물체의 $t$초 후의 높이 $h\text{m}$가 $h = -5t^2 + 20t + 2$일 때, 이 물체가 도달하는 최고 높이는?","물체가 도달하는 최고 높이는 주어진 이차함수 그래프의 꼭짓점의 $h$좌표와 같음을 파악한다.","이차함수 식에서 $t^2$의 계수인 $-5$로 $t$가 포함된 항들을 묶어낸다.","괄호 안에 일차항 계수의 절반의 제곱을 더하고 빼서 완전제곱식 형태로 변형한다.","식을 $h = a(t-p)^2 + q$ 꼴로 정리한 후 상수항 $q$의 값을 최고 높이로 확정한다.",1-2-3-4
DESIGN_H_009,설계,HARD,"한 개에 $1500$원인 사과와 $2000$원인 배를 합하여 $12$개를 사고, 총 금액을 $20000$원 이하로 하려고 할 때 배는 최대 몇 개까지 살 수 있는가?","구하고자 하는 배의 개수를 $x$로 두고, 사과의 개수를 $12-x$로 설정한다.","각 과일의 가격과 개수를 곱하여 총 금액을 $x$에 대한 식으로 나타낸다.","총 금액이 $20000$원 이하라는 조건을 이용하여 $x$에 대한 일차부등식을 세운다.","부등식을 풀고, 이를 만족하는 $x$의 값 중 가장 큰 자연수를 찾는다.",1-2-3-4
DESIGN_H_010,설계,HARD,"다항식 $(2x^2 - 3x + 1)(x^2 + 4x - 2)$의 전개식에서 $x^2$의 계수는?","전체를 전개하지 않고 곱해서 $x^2$ 항이 만들어지는 분배법칙의 조합만 찾을 계획을 세운다.","첫 번째 괄호의 $2x^2$과 두 번째 괄호의 상수항 $-2$를 곱하여 $-4x^2$을 구한다.","첫 번째 괄호의 $-3x$와 두 번째 괄호의 $4x$를 곱하여 $-12x^2$을 구한다.","첫 번째 괄호의 상수항 $1$과 두 번째 괄호의 $x^2$을 곱한 후, 앞서 구한 세 항을 모두 더해 계수를 찾는다.",1-2-3-4
DESIGN_H_011,설계,HARD,"이차방정식 $x^2 - (k+1)x + 2k = 0$의 한 근이 $3$일 때, 다른 한 근은?","주어진 근 $x=3$을 이차방정식에 대입하여 식이 성립함을 이용한다.","대입하여 만들어진 $k$에 대한 일차방정식을 풀어 상수 $k$의 값을 구한다.","구한 $k$의 값을 원래의 이차방정식 식에 대입하여 온전한 식을 완성한다.","완성된 이차방정식을 인수분해하여 주어진 근 $3$이 아닌 다른 한 근을 구한다.",1-2-3-4
DESIGN_H_012,설계,HARD,"무리수 $\sqrt{7}$의 정수 부분을 $a$, 소수 부분을 $b$라 할 때, $a+b^2$의 값은?","$\sqrt{7}$과 가장 가까운 양쪽의 완전제곱수를 찾아 $2 < \sqrt{7} < 3$임을 파악한다.","부등식을 통해 $\sqrt{7}$의 정수 부분 $a$가 $2$임을 구한다.","무리수에서 정수 부분을 뺀 값이 소수 부분이므로 $b = \sqrt{7} - 2$로 식을 세운다.","구한 $a$와 $b$의 값을 주어진 식 $a+b^2$에 대입하고 곱셈공식을 이용하여 계산한다.",1-2-3-4
DESIGN_H_013,설계,HARD,"연립부등식 $2x-5 < 3$ 이고 $4-x \le 2x+1$ 을 만족하는 정수 $x$의 개수는?","첫 번째 일차부등식에서 상수항을 이항하고 양변을 나누어 $x$의 해의 범위를 구한다.","두 번째 일차부등식에서 $x$를 포함한 항을 모으고 상수항을 이항하여 $x$의 해의 범위를 구한다.","수직선을 이용하거나 부등식의 논리적 겹침을 파악하여 두 해의 공통 부분을 구한다.","공통 부분의 범위 안에 들어있는 정수 $x$를 모두 찾아 그 개수를 센다.",1-2-3-4
DESIGN_H_014,설계,HARD,"어떤 상품의 가격을 $20\%$ 인상한 후 다시 $20\%$ 인하하여 팔았더니 $9600$원이 되었다. 이 상품의 처음 가격은?","상품의 처음 가격을 미지수 $x$로 둔다.","가격을 $20\%$ 인상한 것을 반영하여 상품 가격을 $x(1+0.2)$로 나타낸다.","다시 $20\%$ 인하한 것을 반영하여 최종 가격을 나타내는 식 $x(1+0.2)(1-0.2)$를 세운다.","이 식이 $9600$원과 같다는 방정식을 세우고 풀어 처음 가격 $x$를 구한다.",1-2-3-4
DESIGN_H_015,설계,HARD,"다항식 $(x-2y)^2 - 3(x-2y) - 10$을 인수분해하는 올바른 과정은?","식에서 반복적으로 나타나는 괄호 안의 식 $x-2y$를 확인한다.","복잡한 식을 간단히 하기 위해 $x-2y$를 새로운 문자 $A$로 치환하여 $A^2 - 3A - 10$을 만든다.","치환된 $A$에 대한 이차식을 $(A-5)(A+2)$로 인수분해한다.","$A$ 자리에 원래의 식 $x-2y$를 다시 대입하여 최종적인 인수분해 결과를 얻는다.",1-2-3-4
DESIGN_H_016,설계,HARD,"$2^x = a$, $3^x = b$일 때, $72^x$을 $a$와 $b$를 사용하여 나타내면?","구하고자 하는 식의 밑인 $72$를 소인수분해하여 $2^3 \times 3^2$으로 바꾼다.","지수법칙을 이용하여 식을 $(2^3 \times 3^2)^x$에서 $(2^3)^x \times (3^2)^x$으로 분배한다.","지수의 곱셈 성질을 이용해 자리를 바꾸어 $(2^x)^3 \times (3^x)^2$ 형태로 변형한다.","$2^x$ 자리에 $a$를, $3^x$ 자리에 $b$를 대입하여 최종 식을 완성한다.",1-2-3-4
DESIGN_H_017,설계,HARD,"이차함수 $y = -x^2 + 4x + 5$의 그래프가 $x$축과 만나는 두 점과 $y$축과 만나는 점을 꼭짓점으로 하는 삼각형의 넓이는?","이차함수 식에 $y=0$을 대입하여 만들어진 이차방정식을 풀고 $x$축과 만나는 두 점의 좌표를 구한다.","구한 두 점 사이의 거리를 계산하여 삼각형의 밑변의 길이를 확정한다.","이차함수 식에 $x=0$을 대입하여 $y$절편을 구하고, 이를 삼각형의 높이로 삼는다.","삼각형의 넓이 공식을 이용하여 밑변과 높이를 곱한 뒤 $2$로 나누어 넓이를 구한다.",1-2-3-4
DESIGN_H_018,설계,HARD,"톱니의 수가 각각 $24$개, $36$개인 두 톱니바퀴 A, B가 서로 맞물려 돌아가고 있다. A가 $15$번 회전할 때, B의 회전수는?","맞물려 돌아가는 두 톱니바퀴에서 톱니의 수와 회전수는 반비례 관계임을 파악한다.","B의 회전수를 $x$로 두고, (A의 톱니 수) $\times$ (A의 회전수) = (B의 톱니 수) $\times$ (B의 회전수) 식을 세운다.","식에 주어진 숫자들을 대입하여 $24 \times 15 = 36 \times x$ 라는 방정식을 만든다.","일차방정식을 풀어 B의 회전수인 $x$의 값을 구한다.",1-2-3-4
DESIGN_H_019,설계,HARD,"일차함수 $y = -2x + 5$의 그래프와 평행하고, $x$절편이 $3$인 일차함수의 식에서 $y$절편은?","두 일차함수의 그래프가 평행하다는 조건으로부터 구하려는 함수의 기울기가 $-2$임을 파악한다.","기울기가 $-2$이므로 일차함수의 식을 $y = -2x + b$로 설정한다.","$x$절편이 $3$이라는 것은 그래프가 점 $(3, 0)$을 지난다는 의미임을 떠올린다.","설정한 식에 $x=3$, $y=0$을 대입하여 $b$의 값, 즉 $y$절편을 구한다.",1-2-3-4
DESIGN_H_020,설계,HARD,"무리수의 계산 $\sqrt{5}(\sqrt{20} - \frac{2}{\sqrt{5}}) + \frac{10}{\sqrt{5}}$을 간단히 한 결과는?","분배법칙을 이용하여 괄호 밖의 $\sqrt{5}$를 괄호 안의 각 항에 곱한다.","첫 번째 항은 $\sqrt{100}$이 되어 $10$으로 나오고, 두 번째 항은 약분되어 $-2$가 됨을 계산한다.","식의 마지막 항인 분수의 분모와 분자에 $\sqrt{5}$를 곱하여 분모를 유리화한다.","유리화된 항을 앞서 계산한 부분과 함께 더하고 빼어 최종 결과를 정리한다.",1-2-3-4
DESIGN_H_021,설계,HARD,"$x$에 대한 이차방정식 $x^2 - 6x + k - 1 = 0$이 중근을 가질 때, 상수 $k$의 값은?","이차방정식이 중근을 갖기 위해서는 식 전체가 완전제곱식 형태가 되어야 함을 떠올린다.","이차항의 계수가 $1$이므로 일차항 계수의 절반의 제곱이 상수항과 같다는 식을 세운다.","일차항 계수 $-6$을 이용하여 $(-3)^2 = k - 1$이라는 $k$에 대한 일차방정식을 작성한다.","방정식을 풀어 상수 $k$의 값을 구한다.",1-2-3-4
DESIGN_H_022,설계,HARD,"$\sqrt{18x}$가 자연수가 되도록 하는 가장 작은 자연수 $x$의 값은?","근호 안의 수 $18$을 소인수분해하여 $2 \times 3^2$으로 나타낸다.","근호 안의 수가 어떤 자연수의 제곱이 되려면 모든 소인수의 지수가 짝수여야 함을 파악한다.","$3$의 지수는 짝수이지만 $2$의 지수는 홀수이므로, $x$가 $2$를 인수로 가져야 함을 알아낸다.","$x = 2 \times (\text{자연수})^2$ 꼴 중에서 가장 작은 자연수를 구하기 위해 $2 \times 1^2$을 계산한다.",1-2-3-4
DESIGN_H_023,설계,HARD,"좌표평면 위 네 점 $(0,0), (6,0), (6,4), (0,4)$를 꼭짓점으로 하는 직사각형의 넓이를 이등분하고 원점을 지나는 직선의 방정식은?","원점을 지나는 직선이 직사각형의 넓이를 이등분하려면 직사각형의 두 대각선의 교점을 지나야 함을 파악한다.","두 대각선의 양 끝점의 좌표를 이용하여 교점(중점)의 좌표가 $(3, 2)$임을 계산한다.","구하고자 하는 직선이 원점 $(0, 0)$과 점 $(3, 2)$를 지난다는 것을 확인한다.","두 점을 이용하여 기울기를 구하고 $y=ax$ 꼴의 직선의 방정식을 완성한다.",1-2-3-4
DESIGN_H_024,설계,HARD,"산을 오를 때는 시속 $3\text{km}$로 걷고, 내려올 때는 다른 길로 시속 $4\text{km}$로 걸어서 총 $10\text{km}$를 걷는 데 $3$시간이 걸렸다. 올라간 길의 거리는?","올라간 길의 거리를 $x$, 내려온 길의 거리를 $y$로 두고 두 미지수를 설정한다.","총 거리가 $10\text{km}$라는 것을 이용하여 첫 번째 일차방정식 $x+y=10$을 세운다.","시간을 구하는 공식을 이용하여 걸린 시간에 대한 두 번째 일차방정식 $\frac{x}{3} + \frac{y}{4} = 3$을 세운다.","두 일차방정식을 연립하여 풀고 올라간 거리인 $x$의 값을 구한다.",1-2-3-4
DESIGN_H_025,설계,HARD,"세로의 길이가 가로의 길이보다 $3\text{cm}$ 더 긴 직사각형이 있다. 넓이가 $28\text{cm}^2$일 때, 가로의 길이는?","구하고자 하는 직사각형의 가로의 길이를 미지수 $x$로 둔다.","세로의 길이를 가로의 길이를 이용하여 $x+3$으로 표현한다.","직사각형의 넓이 공식을 이용하여 $x(x+3) = 28$이라는 이차방정식을 세운다.","식을 전개하고 인수분해하여 $x$를 구한 뒤, 길이는 양수라는 조건을 이용하여 답을 확정한다.",1-2-3-4
DESIGN_VH_001,설계,VERY HARD,"이차함수 $y=ax^2+bx+c$의 그래프가 세 점 $(0, 3), (1, 0), (2, -1)$을 지날 때, 이 그래프의 꼭짓점의 $y$좌표는?","그래프가 $y$축과 만나는 점인 $(0, 3)$을 식에 대입하여 상수항 $c=3$임을 구한다.","나머지 두 점 $(1, 0)$과 $(2, -1)$을 각각 대입하여 $a$와 $b$에 대한 연립방정식을 세운다.","연립방정식을 풀어 $a=1, b=-4$를 구하고 온전한 이차함수 식 $y=x^2-4x+3$을 완성한다.","식을 $y=(x-2)^2-1$ 형태의 표준형으로 변형하여 꼭짓점의 $y$좌표인 $-1$을 찾는다.",1-2-3-4
DESIGN_VH_002,설계,VERY HARD,"$\sqrt{120x}$와 $\sqrt{\frac{135}{y}}$가 모두 자연수가 되도록 하는 가장 작은 자연수 $x, y$에 대하여 $x+y$의 값은?","두 무리수 안의 수 $120$과 $135$를 각각 소인수분해하여 $2^3 \times 3 \times 5$와 $3^3 \times 5$로 나타낸다.","$\sqrt{120x}$가 자연수가 되기 위해 모든 소인수의 지수를 짝수로 만드는 가장 작은 $x = 2 \times 3 \times 5 = 30$을 구한다.","$\sqrt{\frac{135}{y}}$가 자연수가 되기 위해 분모에서 약분하여 지수를 짝수로 만드는 가장 작은 $y = 3 \times 5 = 15$를 구한다.","구해진 두 최소 자연수 $x$와 $y$를 더하여 최종 값 $45$를 계산한다.",1-2-3-4
DESIGN_VH_003,설계,VERY HARD,"일차부등식 $3x - a \le 5x + 2$를 만족하는 음의 정수 $x$가 딱 $3$개 존재할 때, 상수 $a$의 값의 범위는?","$x$가 포함된 항을 이항하여 부등식을 정리하고 양변을 나누어 $x \ge -\frac{a+2}{2}$ 형태로 해를 구한다.","조건을 만족하는 음의 정수 $x$가 $-1, -2, -3$이어야 함을 파악한다.","경계값이 되는 $-\frac{a+2}{2}$가 수직선 상에서 $-4$와 $-3$ 사이에 위치해야 한다는 부등식 $-4 < -\frac{a+2}{2} \le -3$을 세운다.","세워진 겹부등식을 풀어서 상수 $a$의 최종 범위를 확정한다.",1-2-3-4
DESIGN_VH_004,설계,VERY HARD,"$x$에 대한 이차방정식 $x^2 - 2kx + k^2 - 3k + 6 = 0$이 중근을 가질 때, 이차방정식 $x^2 - (k+3)x + 3k = 0$의 두 근을 구하는 과정은?","첫 번째 이차방정식이 중근을 가질 조건인 '일차항 계수의 절반의 제곱 = 상수항'을 떠올린다.","$(-k)^2 = k^2 - 3k + 6$ 식을 세우고 정리하여 상수 $k=2$를 구한다.","구한 $k=2$를 두 번째 이차방정식에 대입하여 $x^2 - 5x + 6 = 0$을 완성한다.","완성된 방정식을 $(x-2)(x-3)=0$으로 인수분해하여 두 근 $x=2$ 또는 $x=3$을 구한다.",1-2-3-4
DESIGN_VH_005,설계,VERY HARD,"지수법칙을 활용하여 방정식 $2^{x+2} + 2^x = 40$을 만족하는 자연수 $x$에 대해 $x^2 - x$의 값은?","주어진 방정식 좌변의 $2^{x+2}$을 지수법칙을 이용하여 $2^2 \times 2^x$로 분리한다.","좌변을 공통인수 $2^x$로 묶어내어 $2^x(2^2 + 1) = 40$의 형태로 변형한다.","괄호 안을 계산한 $5$로 양변을 나누어 $2^x = 8$을 만들고 $x=3$을 구한다.","구한 $x=3$을 주어진 다항식 $x^2 - x$에 대입하여 최종 값 $6$을 계산한다.",1-2-3-4
DESIGN_VH_006,설계,VERY HARD,"다항식 $(x^2-2x)(x^2-2x-3)-4$를 완전히 인수분해한 결과는?","식에서 반복적으로 나타나는 부분인 $x^2-2x$를 새로운 문자 $A$로 치환하여 $A(A-3)-4$로 만든다.","치환된 식을 전개한 $A^2-3A-4$를 $(A-4)(A+1)$로 인수분해한다.","$A$ 자리에 원래의 식 $x^2-2x$를 다시 대입하여 $(x^2-2x-4)(x^2-2x+1)$을 얻는다.","뒤의 괄호가 완전제곱식임을 파악하고 한 번 더 인수분해하여 $(x^2-2x-4)(x-1)^2$으로 완성한다.",1-2-3-4
DESIGN_VH_007,설계,VERY HARD,"어떤 일을 완성하는 데 A와 B가 함께 하면 $6$일이 걸리고, A가 $2$일 동안 한 후 나머지를 B가 $12$일 동안 하면 완성된다. 이 일을 A 혼자서 완성하려면 며칠이 걸리는가?","전체 일의 양을 $1$로 두고, A와 B가 하루에 할 수 있는 일의 양을 각각 $x, y$로 설정한다.","두 사람이 함께 일한 조건을 바탕으로 첫 번째 일차방정식 $6x + 6y = 1$을 세운다.","나누어 일한 조건을 바탕으로 두 번째 일차방정식 $2x + 12y = 1$을 세운다.","연립방정식을 풀어 $x = \frac{1}{10}$을 구하고, A 혼자서 $10$일이 걸린다는 결론을 내린다.",1-2-3-4
DESIGN_VH_008,설계,VERY HARD,"함수 $f(n) = \frac{1}{\sqrt{n} + \sqrt{n+1}}$에 대하여 $f(1) + f(2) + \dots + f(99)$의 값은?","주어진 함수식의 분모와 분자에 $\sqrt{n} - \sqrt{n+1}$을 곱하여 분모를 유리화한다.","분모가 $-1$이 됨을 확인하고 식을 $f(n) = \sqrt{n+1} - \sqrt{n}$으로 간단히 정리한다.","정리된 식에 $n=1$부터 $n=99$까지 차례대로 대입하여 덧셈 식으로 나열한다.","이웃한 항들이 부호가 반대되어 연쇄적으로 소거됨을 파악하고 남은 $\sqrt{100} - \sqrt{1}$을 계산하여 $9$를 구한다.",1-2-3-4
DESIGN_VH_009,설계,VERY HARD,"좌표평면 위의 세 점 $(-2, -3), (1, 3), (k, 3k-1)$이 한 직선 위에 있을 때, 상수 $k$의 값은?","세 점이 한 직선 위에 있으려면 어느 두 점을 잡아도 기울기가 같아야 함을 떠올린다.","앞의 두 점 $(-2, -3)$과 $(1, 3)$을 이용하여 직선의 기울기가 $2$임을 계산한다.","두 번째 점 $(1, 3)$과 세 번째 점 $(k, 3k-1)$을 이용한 기울기 식 $\frac{(3k-1) - 3}{k - 1} = 2$를 세운다.","분모를 양변에 곱하여 일차방정식을 풀고 최종 해인 $k=2$를 구한다.",1-2-3-4
DESIGN_VH_010,설계,VERY HARD,"이차함수 $y=-x^2+4x-1$의 그래프를 $x$축 방향으로 $a$만큼, $y$축 방향으로 $b$만큼 평행이동하였더니 $y=-x^2-2x+5$의 그래프와 일치하였다. $a+b$의 값은?","첫 번째 이차함수 식을 표준형 $y=-(x-2)^2+3$으로 변형하여 꼭짓점 $(2, 3)$을 찾는다.","두 번째 이차함수 식을 표준형 $y=-(x+1)^2+6$으로 변형하여 꼭짓점 $(-1, 6)$을 찾는다.","두 꼭짓점의 $x$좌표와 $y$좌표의 차이를 계산하여 평행이동량 $a = -3, b = 3$을 구한다.","구한 두 평행이동량을 더하여 $a+b=0$을 답으로 도출한다.",1-2-3-4
DESIGN_VH_011,설계,VERY HARD,"한 자리 자연수 $a, b$ ($a>b$)에 대하여 $0.\dot{a}\dot{b} - 0.\dot{b}\dot{a} = 0.\dot{4}\dot{5}$ 이고 $a+b=9$ 일 때, $ab$의 값은?","주어진 순환소수 뺄셈식을 분수로 변환하여 $\frac{10a+b}{99} - \frac{10b+a}{99} = \frac{45}{99}$를 세운다.","분자를 동류항끼리 계산하여 $9a - 9b = 45$로 만들고, 양변을 $9$로 나누어 $a - b = 5$를 구한다.","도출된 $a-b=5$와 주어진 조건 $a+b=9$를 연립방정식으로 묶어 푼다.","연립방정식의 해인 $a=7, b=2$를 구하고, 두 수의 곱인 $14$를 계산한다.",1-2-3-4
DESIGN_VH_012,설계,VERY HARD,"이차방정식 $x^2+px+q=0$을 푸는데 A는 $p$를 잘못 보아 근이 $-2, 6$이 되었고, B는 $q$를 잘못 보아 근이 $-1+\sqrt{3}, -1-\sqrt{3}$이 되었다. 올바른 두 근은?","A가 구한 두 근을 이용하여 이차방정식을 만들고, 상수항 부분만 취해 올바른 $q = -12$를 알아낸다.","B가 구한 두 근을 더하여 일차항 계수의 부호를 반대로 한 값과 같다는 성질을 이용해 올바른 $p = 2$를 알아낸다.","구한 $p, q$를 원래 식에 대입하여 온전한 이차방정식 $x^2+2x-12=0$을 완성한다.","근의 공식을 사용하여 올바른 방정식의 두 해 $x = -1 \pm \sqrt{13}$을 최종적으로 구한다.",1-2-3-4
DESIGN_VH_013,설계,VERY HARD,"어느 중학교의 작년 전체 학생 수는 $1000$명이었다. 올해는 남학생이 $5\%$ 감소하고 여학생이 $10\%$ 증가하여 전체적으로 $1040$명이 되었다. 올해의 남학생 수는?","작년 남학생을 $x$, 여학생을 $y$로 두고 첫 번째 방정식 $x + y = 1000$을 세운다.","올해 학생 수의 변화량(증감)만을 이용하여 두 번째 방정식 $-0.05x + 0.1y = 40$을 세운다.","연립방정식을 풀어 작년 남학생 수인 $x = 400$명을 구한다.","작년 남학생 수 $400$명에 $(1 - 0.05)$를 곱하여 최종적으로 올해 남학생 수인 $380$명을 구한다.",1-2-3-4
DESIGN_VH_014,설계,VERY HARD,"$x = \sqrt{3}-2$일 때, 다항식 $x^2 + 4x - 1$의 값은?","주어진 무리수 식에서 유리수 부분인 $-2$를 좌변으로 이항하여 $x+2 = \sqrt{3}$을 만든다.","등식의 양변을 제곱하여 근호를 없앤 $(x+2)^2 = 3$을 만든다.","좌변을 전개하고 상수항을 우변으로 이항하여 $x^2 + 4x = -1$이라는 식을 유도해낸다.","유도된 식의 값을 문제의 다항식 $x^2 + 4x - 1$에 대입하여 최종 결과인 $-2$를 계산한다.",1-2-3-4
DESIGN_VH_015,설계,VERY HARD,"$x=\frac{\sqrt{5}+1}{2}, y=\frac{\sqrt{5}-1}{2}$일 때, $x^3y - xy^3$의 값은?","주어진 식에 $x, y$를 바로 대입하지 않고, 공통인수 $xy$로 묶어 $xy(x^2 - y^2)$을 만든다.","괄호 안의 식을 합차공식을 이용하여 $xy(x+y)(x-y)$로 완전히 인수분해한다.","주어진 $x, y$의 값을 더하고 빼고 곱하여 $x+y=\sqrt{5}$, $x-y=1$, $xy=1$을 각각 구한다.","구해진 세 값을 인수분해된 식에 대입하고 곱하여 최종 결과인 $\sqrt{5}$를 구한다.",1-2-3-4
DESIGN_VH_016,설계,VERY HARD,"$100\text{L}$의 물이 들어 있는 물통에서 일정한 속도로 물을 빼내고 있다. $10$분 후에 남은 물의 양이 $80\text{L}$일 때, 물통이 완전히 비는 데 걸리는 총 시간은?","물을 빼내는 시간을 $x$분, 남은 물의 양을 $y\text{L}$로 두고 두 변수를 설정한다.","$10$분 동안 $20\text{L}$가 줄었으므로 $1$분당 줄어드는 물의 양이 $2\text{L}$임을 계산하여 기울기를 구한다.","초기 물의 양과 기울기를 이용하여 일차함수 식 $y = -2x + 100$을 세운다.","물이 완전히 비면 $y=0$이 되므로, 이를 식에 대입하여 총 걸리는 시간인 $x=50$분을 구한다.",1-2-3-4
DESIGN_VH_017,설계,VERY HARD,"가로 $20\text{m}$, 세로 $15\text{m}$인 직사각형 화단에 폭이 $x\text{m}$로 일정한 십자(+) 모양의 길을 냈다. 길을 제외한 화단의 넓이가 $204\text{m}^2$일 때, $x$의 값은?","십자 모양의 길을 화단의 가장자리로 밀어붙여 하나의 온전한 작은 직사각형을 만든다고 상상한다.","길이 제외된 새로운 직사각형의 가로와 세로 길이를 각각 $(20-x)$와 $(15-x)$로 표현한다.","새로운 직사각형의 넓이에 대한 이차방정식 $(20-x)(15-x) = 204$를 세운다.","방정식을 전개하고 인수분해하여 푼 뒤, 폭 $x$는 $15$보다 작아야 한다는 조건으로 해 $x=3$을 확정한다.",1-2-3-4
DESIGN_VH_018,설계,VERY HARD,"어떤 렌터카 요금은 처음 $10$시간 동안은 기본요금 $50000$원이고, 이후에는 $1$시간마다 $4000$원씩 추가된다. $24$시간 무제한 요금제가 $80000$원일 때, 무제한 요금제를 선택하는 것이 유리해지는 최소 이용 시간은?","총 이용 시간을 $x$시간($x>10$)으로 두고, 시간당 추가 요금이 적용되는 시간을 $(x-10)$으로 나타낸다.","기본요금제 이용 시의 총 요금을 $50000 + 4000(x-10)$으로 수식화한다.","무제한 요금제가 유리하려면 기본요금제의 요금이 더 비싸야 하므로 $50000 + 4000(x-10) > 80000$ 부등식을 세운다.","부등식을 풀어 $x > 17.5$를 구하고, 자연수 시간 단위이므로 $18$시간부터 유리함을 결론짓는다.",1-2-3-4
DESIGN_VH_019,설계,VERY HARD,"이차함수 $y=x^2-6x+a$의 그래프의 꼭짓점이 직선 $y=2x-5$ 위에 있을 때, 이 이차함수 그래프의 $y$절편은?","주어진 이차함수 식을 완전제곱식으로 변형하여 $y = (x-3)^2 + a-9$ 형태의 표준형으로 만든다.","표준형 식으로부터 이 이차함수 그래프의 꼭짓점의 좌표가 $(3, a-9)$임을 파악한다.","꼭짓점이 주어진 직선 위에 있으므로 직선의 방정식에 $x=3, y=a-9$를 대입한다.","대입하여 얻은 일차방정식을 풀어 $a=10$을 구하고, 이것이 이차함수의 상수항이므로 곧 $y$절편임을 확정한다.",1-2-3-4
DESIGN_VH_020,설계,VERY HARD,"방정식 $\sqrt{x} + \sqrt{y} = \sqrt{18}$을 만족하는 음이 아닌 정수 쌍 $(x, y)$의 개수는?","우변의 무리수를 간단히 하여 $\sqrt{18} = 3\sqrt{2}$로 나타낸다.","좌변의 두 무리수가 더해져서 $3\sqrt{2}$가 되려면 $\sqrt{x}=a\sqrt{2}, \sqrt{y}=b\sqrt{2}$ 꼴이어야 함을 추론한다.","$a+b=3$을 만족하는 음이 아닌 정수 쌍 $(a, b)$가 $(0, 3), (1, 2), (2, 1), (3, 0)$의 $4$가지임을 찾는다.","각 경우를 제곱하여 얻는 $(x, y)$ 역시 $4$쌍이 되므로 정답을 $4$로 결론 내린다.",1-2-3-4
DESIGN_VH_021,설계,VERY HARD,"연립부등식 $2x - a \le 3$, $x + 4 < 3x$의 해가 존재하지 않을 때, 상수 $a$의 값의 범위는?","첫 번째 부등식을 $x$에 대하여 풀어 $x \le \frac{a+3}{2}$의 해의 범위를 구한다.","두 번째 부등식에서 $x$를 우변으로 모으고 양변을 나누어 $x > 2$의 해의 범위를 구한다.","두 해의 범위가 수직선 상에서 겹치지 않아야 해가 없음을 파악한다.","경계값의 위치 관계를 나타내는 부등식 $\frac{a+3}{2} \le 2$를 세우고 풀어 최종 범위인 $a \le 1$을 구한다.",1-2-3-4
DESIGN_VH_022,설계,VERY HARD,"이차함수 $y=\frac{1}{2}x^2$의 그래프를 평행이동하였더니 꼭짓점의 좌표가 $(2, -3)$이 되었다. 이 평행이동한 그래프가 지나는 점 $(4, y)$의 $y$값은?","평행이동을 하더라도 $x^2$의 계수인 $\frac{1}{2}$은 변하지 않음을 떠올린다.","꼭짓점이 $(2, -3)$이고 계수가 $\frac{1}{2}$인 새로운 이차함수 식 $y = \frac{1}{2}(x-2)^2 - 3$을 바로 세운다.","구하고자 하는 점의 좌표에 포함된 $x=4$를 새롭게 구한 함수 식에 대입한다.","괄호 안의 거듭제곱과 곱셈을 먼저 계산한 후 뺄셈을 하여 최종 $y$값인 $-1$을 구한다.",1-2-3-4
DESIGN_VH_023,설계,VERY HARD,"자연수 $2^{20} \times 5^{17} \times 3$은 몇 자리의 자연수인가?","자릿수를 알기 위해 $2$와 $5$를 짝지어 $10$의 거듭제곱 형태로 만들 계획을 세운다.","$2$의 지수 $20$을 $3$과 $17$로 쪼개어 식을 $2^3 \times (2^{17} \times 5^{17}) \times 3$으로 분리한다.","지수법칙을 이용하여 식을 $24 \times 10^{17}$으로 정리한다.","두 자리 수 $24$ 뒤에 $0$이 $17$개 붙는 형태임을 파악하여 총 $19$자리 자연수임을 계산한다.",1-2-3-4
DESIGN_VH_024,설계,VERY HARD,"다항식 $x^4 - 13x^2 + 36$을 완전히 인수분해한 결과는?","차수가 짝수만 있는 복이차식 형태이므로 $x^2$을 새로운 문자 $A$로 치환하여 $A^2 - 13A + 36$을 만든다.","치환된 이차식을 일반적인 인수분해 공식으로 풀어 $(A-4)(A-9)$로 만든다.","$A$ 자리에 원래의 문자 $x^2$을 다시 대입하여 $(x^2-4)(x^2-9)$로 되돌린다.","각 괄호 안의 식이 제곱의 차 형태임을 파악하고 합차공식을 연이어 적용하여 $(x-2)(x+2)(x-3)(x+3)$으로 완성한다.",1-2-3-4
DESIGN_VH_025,설계,VERY HARD,"다항식 $x^2 - y^2 - 4x + 2y + 3$을 올바르게 인수분해하는 과정은?","$x$가 포함된 항끼리, $y$가 포함된 항끼리 모아서 $(x^2-4x) - (y^2-2y) + 3$으로 식을 정리한다.","각 괄호 안을 완전제곱식으로 만들기 위해 필요한 상수를 더하고 빼서 $(x-2)^2 - 4 - (y-1)^2 + 1 + 3$으로 바꾼다.","상수항들이 모두 소거되어 전체 식이 $(x-2)^2 - (y-1)^2$ 형태의 합차 공식 꼴이 됨을 확인한다.","합차 공식을 적용하여 두 식을 더하고 뺀 뒤 괄호를 풀어 $(x+y-3)(x-y-1)$로 최종 완성한다.",1-2-3-4
DESIGN_T_001,설계,TOUGH,"일차방정식 $3x + 5y = 32$를 만족하는 자연수 $x, y$의 순서쌍 $(x, y)$의 개수는?","주어진 방정식을 미지수 $x$에 대하여 풀어 $x = \frac{32-5y}{3}$의 형태로 정리한다.","$x$가 자연수가 되려면 분자의 $32-5y$가 양수이면서 $3$의 배수가 되어야 함을 파악한다.","자연수 $y$에 $1, 2, 3, \dots$을 차례대로 대입하여 $32-5y$가 $3$의 배수가 되는 조건을 찾는다.","조건을 만족하는 $y$의 값을 구하고, 그에 따른 $x$를 계산하여 유효한 순서쌍의 개수를 센다.",1-2-3-4
DESIGN_T_002,설계,TOUGH,"$x$에 대한 두 이차방정식 $x^2 + ax + b = 0$과 $x^2 + bx + a = 0$이 오직 하나의 공통근을 가질 때, $a+b$의 값은? (단, $a \neq b$)","두 방정식의 공통근을 $\alpha$로 두고 각 방정식에 대입하여 $\alpha^2 + a\alpha + b = 0$, $\alpha^2 + b\alpha + a = 0$을 세운다.","최고차항을 소거하기 위해 두 식을 변끼리 빼서 $(a-b)\alpha - (a-b) = 0$을 유도한다.","조건에서 $a \neq b$이므로 양변을 $(a-b)$로 나누어 공통근 $\alpha = 1$을 구한다.","구한 공통근 $\alpha=1$을 원래의 이차방정식 중 하나에 대입하여 $a+b$의 최종 값을 알아낸다.",1-2-3-4
DESIGN_T_003,설계,TOUGH,"이차방정식 $x^2 - 4x - 1 = 0$의 두 근을 $\alpha, \beta$라 할 때, $\frac{\beta}{\alpha} + \frac{\alpha}{\beta}$의 값은?","이차방정식의 근과 계수의 관계를 이용하여 두 근의 합 $\alpha+\beta=4$와 곱 $\alpha\beta=-1$을 구한다.","구하고자 하는 식을 공통분모 $\alpha\beta$로 통분하여 $\frac{\alpha^2+\beta^2}{\alpha\beta}$ 형태로 변형한다.","분자의 $\alpha^2+\beta^2$을 곱셈공식의 변형을 이용하여 $(\alpha+\beta)^2 - 2\alpha\beta$로 바꾼다.","구해둔 합과 곱의 값을 변형된 식에 대입하여 최종적인 분수식의 값을 계산한다.",1-2-3-4
DESIGN_T_004,설계,TOUGH,"다항식 $x^2y - y^3 - x^2 + y^2$을 올바르게 인수분해하는 과정은?","네 개의 항을 두 개씩 짝지어 공통인수를 찾기 위해 $(x^2y - x^2) - (y^3 - y^2)$으로 묶는다.","첫 번째 괄호에서 $x^2$을, 두 번째 괄호에서 $y^2$을 빼내어 $x^2(y - 1) - y^2(y - 1)$로 정리한다.","공통인수 $(y - 1)$이 생겼음을 확인하고 전체 식을 $(y - 1)(x^2 - y^2)$으로 묶어낸다.","뒤의 괄호에 합차공식을 적용하여 최종적으로 $(y - 1)(x - y)(x + y)$로 인수분해를 완성한다.",1-2-3-4
DESIGN_T_005,설계,TOUGH,"분수 $\frac{3x+11}{x+2}$이 정수가 되도록 하는 모든 정수 $x$의 값의 합은?","분자를 분모인 $x+2$의 배수 형태로 쪼개어 $\frac{3(x+2) + 5}{x+2}$로 식을 변형한다.","분수를 정수 부분과 분수 부분으로 나누어 $3 + \frac{5}{x+2}$의 형태로 정리한다.","전체 식이 정수가 되려면 분수 부분의 분모 $x+2$가 $5$의 약수($\pm 1, \pm 5$)가 되어야 함을 파악한다.","$x+2$가 각각 $1, -1, 5, -5$가 될 때의 $x$값을 모두 구하고 그 합을 계산한다.",1-2-3-4
DESIGN_T_006,설계,TOUGH,"일정한 속력으로 달리는 기차가 길이 $800\text{m}$의 철교를 완전히 통과하는 데 $40$초가 걸리고, 길이 $1200\text{m}$의 터널을 통과할 때는 $30$초 동안 기차가 보이지 않았다. 이 기차의 길이는?","기차의 길이를 $x\text{m}$로 두고, 철교를 완전히 통과할 때 이동한 거리가 $(800+x)\text{m}$임을 파악한다.","터널에서 완전히 보이지 않는 동안 이동한 거리는 $(1200-x)\text{m}$임을 파악한다.","두 구간에서 기차의 속력은 일정하므로 $\frac{800+x}{40} = \frac{1200-x}{30}$이라는 일차방정식을 세운다.","양변에 최소공배수를 곱하여 일차방정식을 풀고 기차의 길이 $x$를 구한다.",1-2-3-4
DESIGN_T_007,설계,TOUGH,"$10\%$의 소금물 $200\text{g}$이 있다. 이 소금물에서 물 $x\text{g}$을 증발시키고 대신 소금 $x\text{g}$을 넣었더니 $40\%$의 소금물이 되었다. 이때 $x$의 값은?","처음 $10\%$ 소금물 $200\text{g}$에 들어있는 소금의 양을 $\frac{10}{100} \times 200 = 20\text{g}$으로 구한다.","물 증발과 소금 추가 과정을 거쳐도 전체 소금물의 양은 $200\text{g}$으로 유지됨을 파악한다.","변화된 소금물 안의 소금의 양이 $(20+x)\text{g}$이 됨을 이용하여 농도 식 $\frac{20+x}{200} \times 100 = 40$을 세운다.","세워진 일차방정식을 풀어 추가한 소금의 양 $x$를 계산한다.",1-2-3-4
DESIGN_T_008,설계,TOUGH,"어떤 시계가 $4$시 $10$분을 가리킬 때, 시침과 분침이 이루는 각 중 작은 쪽의 각의 크기는?","$12$시 정각을 기준으로 분침이 $10$분 동안 움직인 각도인 $10 \times 6^\circ = 60^\circ$를 계산한다.","시침이 $4$시 정각일 때 가리키는 기본 각도인 $4 \times 30^\circ = 120^\circ$를 확인한다.","시침이 $10$분 동안 추가로 움직인 각도 $10 \times 0.5^\circ = 5^\circ$를 기본 각도에 더해 $125^\circ$를 구한다.","시침의 총 각도와 분침의 총 각도의 차이를 구하여 두 바늘이 이루는 각의 크기를 알아낸다.",1-2-3-4
DESIGN_T_009,설계,TOUGH,"이차함수 $y=x^2 - 2kx + 3k$의 최솟값이 $-4$일 때, 양수 $k$의 값은?","주어진 이차함수 식을 완전제곱식을 이용하여 $y = (x-k)^2 - k^2 + 3k$ 꼴의 표준형으로 변형한다.","표준형을 통해 $x=k$일 때 이차함수의 최솟값이 $-k^2 + 3k$임을 파악한다.","구해진 최솟값이 문제의 조건과 같다는 식 $-k^2 + 3k = -4$를 세워 이차방정식을 만든다.","이차방정식을 인수분해하여 풀고, $k>0$이라는 조건을 만족하는 $k$의 값을 최종 선택한다.",1-2-3-4
DESIGN_T_010,설계,TOUGH,"연립부등식 $3x - 1 > x + a$, $2x + 5 \ge 4x - 1$을 만족하는 정수 $x$가 딱 $3$개일 때, 상수 $a$의 값의 범위는?","두 번째 부등식에서 $x$를 이항하고 정리하여 $x \le 3$이라는 해의 범위를 구한다.","첫 번째 부등식에서 $x$를 이항하여 $x > \frac{a+1}{2}$라는 해의 범위를 구한다.","공통 범위 내의 정수 $x$가 딱 $3$개이려면 그 정수들이 $3, 2, 1$이어야 함을 파악한다.","경계값 $\frac{a+1}{2}$가 $0$과 $1$ 사이에 있어야 하므로 부등식 $0 \le \frac{a+1}{2} < 1$을 세우고 푼다.",1-2-3-4
DESIGN_T_011,설계,TOUGH,"어느 상품의 가격을 $1000$원으로 하면 하루에 $500$개가 팔리고, 가격을 $10$원 올릴 때마다 하루 판매량은 $2$개씩 줄어든다. 하루 총 판매액을 최대로 하는 이 상품의 가격은?","가격을 $10$원씩 올리는 횟수를 미지수 $x$로 설정한다.","상품의 새로운 가격을 $1000 + 10x$로, 판매량을 $500 - 2x$로 각각 수식화한다.","하루 총 판매액 $y$를 가격과 판매량의 곱인 $y = (1000 + 10x)(500 - 2x)$ 이차함수로 나타낸다.","이차함수를 전개하고 꼭짓점을 구하는 표준형으로 바꾸어 $y$가 최대일 때의 $x$값과 그때의 가격을 구한다.",1-2-3-4
DESIGN_T_012,설계,TOUGH,"일차함수 $f(x) = ax+b$에 대하여 $f(x+1) - f(x) = 3$이고 $f(2) = 5$일 때, $f(10)$의 값은?","첫 번째 조건의 식에 $ax+b$를 대입하여 $a(x+1)+b - (ax+b) = 3$을 세운다.","식을 전개하고 동류항을 소거하여 이 일차함수의 기울기인 $a = 3$임을 구한다.","두 번째 조건인 $f(2) = 5$에 $a=3, x=2$를 대입하여 $y$절편인 $b = -1$을 구한다.","완성된 함수식 $f(x) = 3x - 1$에 $x=10$을 대입하여 최종 함숫값을 계산한다.",1-2-3-4
DESIGN_T_013,설계,TOUGH,"등식 $\sqrt{0.\dot{4}x} = 0.\dot{6}$을 만족하는 유리수 $x$의 값은?","방정식 양변의 순환소수를 모두 분수 형태로 바꾸어 $\sqrt{\frac{4}{9}x} = \frac{6}{9}$을 세운다.","우변의 분수를 기약분수인 $\frac{2}{3}$로 약분하여 식을 간단히 한다.","근호를 없애기 위해 등식의 양변을 각각 제곱하여 $\frac{4}{9}x = \frac{4}{9}$를 만든다.","양변에 역수를 곱하는 일차방정식 풀이를 통해 $x = 1$을 최종적으로 구한다.",1-2-3-4
DESIGN_T_014,설계,TOUGH,"$2^{16}-1$의 소인수 중에서 $10$보다 크고 $20$보다 작은 자연수의 개수는?","$2^{16}-1$에 합차공식을 연이어 적용하여 $(2^8+1)(2^4+1)(2^2+1)(2^2-1)$로 완전히 인수분해한다.","인수분해된 식에서 가장 작은 괄호인 $2^2-1$과 $2^2+1$을 계산하여 각각 $3$과 $5$를 구한다.","그 다음 괄호인 $2^4+1$을 계산하여 $17$을 구하고 이것이 소수임을 확인한다.","문제 조건에 맞는 $10$과 $20$ 사이의 소인수는 계산된 $17$ 한 개뿐임을 결론 내린다.",1-2-3-4
DESIGN_T_015,설계,TOUGH,"$x$에 대한 이차방정식 $x^2 - 6x + k = 0$의 두 근의 비가 $1:2$일 때, 상수 $k$의 값은?","두 근의 비가 $1:2$이므로 한 근을 $\alpha$, 다른 한 근을 $2\alpha$로 미지수를 설정한다.","이차방정식의 근과 계수의 관계 중 합의 공식을 이용하여 $\alpha + 2\alpha = 6$이라는 식을 세운다.","세워진 일차방정식을 풀어 $\alpha = 2$를 구하고, 이를 통해 두 근이 $2$와 $4$임을 확정한다.","근과 계수의 관계 중 곱의 공식을 이용하여 두 근의 곱 $2 \times 4$가 $k$와 같음을 계산한다.",1-2-3-4
DESIGN_T_016,설계,TOUGH,"세 직선 $y=2x+4, y=-x+4, x=0$으로 둘러싸인 삼각형의 넓이는?","첫 번째와 두 번째 직선의 $y$절편이 모두 $(0, 4)$임을 확인하여 삼각형의 꼭짓점 하나를 구한다.","$x=0$은 $y$축을 의미하므로, 이 삼각형은 $y$축에 의해 넓이를 구할 수 있음을 파악한다.","$y=2x+4$의 $x$절편 $-2$와 $y=-x+4$의 $x$절편 $4$를 구해 밑변의 길이를 $6$으로 설정한다.","삼각형의 넓이 공식 $\frac{1}{2} \times \text{밑변} \times \text{높이}$에 밑변 $6$과 높이 $4$를 대입하여 넓이를 구한다.",1-2-3-4
DESIGN_T_017,설계,TOUGH,"각 자리의 숫자의 합이 $12$인 두 자리 자연수가 있다. 이 수의 십의 자리 숫자와 일의 자리 숫자를 바꾼 수는 처음 수보다 $18$만큼 작다. 처음 수는?","처음 수의 십의 자리 숫자를 $x$, 일의 자리 숫자를 $y$로 두고 첫 번째 식 $x + y = 12$를 세운다.","처음 수를 $10x + y$, 자리를 바꾼 수를 $10y + x$로 수식화한다.","자리를 바꾼 수와 처음 수의 차이에 관한 두 번째 식 $10y + x = (10x + y) - 18$을 세운다.","두 번째 식을 $x - y = 2$로 정리한 후, 첫 번째 식과 연립하여 풀어 $x=7, y=5$를 구한다.",1-2-3-4
DESIGN_T_018,설계,TOUGH,"$x = \frac{-1+\sqrt{5}}{2}$일 때, 다항식 $2x^3+2x^2-2x+5$의 값은?","주어진 식의 양변에 $2$를 곱하고 $1$을 이항하여 $2x+1 = \sqrt{5}$를 만든다.","양변을 제곱하고 식을 정리하여 $x^2+x-1=0$이라는 이차방정식 형태의 조건을 유도한다.","구하고자 하는 다항식의 앞 세 항을 $2x$로 묶어 $2x(x^2+x-1) + 5$의 형태로 변형한다.","유도해 낸 $x^2+x-1=0$을 변형된 다항식에 대입하여 복잡한 계산 없이 최종 값 $5$를 구한다.",1-2-3-4
DESIGN_T_019,설계,TOUGH,"이차방정식 $2x^2 - 8x + 3 = 0$을 완전제곱식을 이용한 꼴 $(x-p)^2 = q$로 나타낼 때, $pq$의 값은?","양변을 $x^2$의 계수인 $2$로 나누고 상수항을 우변으로 이항하여 $x^2 - 4x = -\frac{3}{2}$을 만든다.","좌변을 완전제곱식으로 만들기 위해 일차항 계수 절반의 제곱인 $4$를 양변에 더해준다.","좌변을 $(x-2)^2$으로 인수분해하고 우변을 통분하여 계산해 $(x-2)^2 = \frac{5}{2}$를 완성한다.","식의 형태를 비교하여 $p=2, q=\frac{5}{2}$를 찾고, 이 두 수의 곱을 계산한다.",1-2-3-4
DESIGN_T_020,설계,TOUGH,"$x = \frac{1}{\sqrt{3}-\sqrt{2}}, y = \frac{1}{\sqrt{3}+\sqrt{2}}$일 때, $x^2 + y^2$의 값은?","주어진 $x$와 $y$의 분모와 분자에 켤레무리수를 곱하여 분모를 유리화한다.","유리화된 $x = \sqrt{3}+\sqrt{2}$와 $y = \sqrt{3}-\sqrt{2}$를 더하여 합 $x+y=2\sqrt{3}$을 구한다.","유리화된 두 수를 곱하여 곱 $xy=1$을 구한다.","곱셈공식의 변형인 $x^2 + y^2 = (x+y)^2 - 2xy$에 구한 합과 곱을 대입하여 최종 값을 계산한다.",1-2-3-4
DESIGN_T_021,설계,TOUGH,"자연수 $x, y$에 대하여 $\frac{2}{x} + \frac{3}{y} = 1$을 만족하는 해 $(x, y)$의 개수는?","주어진 분수 방정식의 양변에 최소공배수인 $xy$를 곱하여 분모를 없애고 $2y + 3x = xy$를 만든다.","모든 항을 우변으로 이항하고 공통인수로 묶기 위해 양변에 $6$을 더하여 $xy - 3x - 2y + 6 = 6$을 세운다.","좌변을 두 개의 일차식의 곱으로 완전히 인수분해하여 $(x-2)(y-3) = 6$ 형태로 변형한다.","두 식의 곱이 $6$이 되는 정수의 쌍을 찾고, 자연수 조건을 고려하여 유효한 $(x, y)$ 쌍을 모두 찾는다.",1-2-3-4
DESIGN_T_022,설계,TOUGH,"이차방정식 $x^2 - 5x + 3 = 0$의 두 근을 $\alpha, \beta$라 할 때, $\alpha+1$과 $\beta+1$을 두 근으로 하고 $x^2$의 계수가 $1$인 이차방정식은?","원래 방정식의 근과 계수의 관계를 통해 $\alpha+\beta=5$와 $\alpha\beta=3$을 구한다.","새로운 두 근의 합인 $(\alpha+1) + (\beta+1)$을 전개하여 $(\alpha+\beta) + 2 = 7$을 구한다.","새로운 두 근의 곱인 $(\alpha+1)(\beta+1)$을 전개하여 $\alpha\beta + (\alpha+\beta) + 1 = 9$를 구한다.","구한 새로운 합과 곱을 바탕으로 공식을 적용하여 $x^2 - 7x + 9 = 0$을 완성한다.",1-2-3-4
DESIGN_T_023,설계,TOUGH,"일차함수 $y=ax+b$의 그래프가 제 $1, 2, 4$사분면을 지날 때, 일차함수 $y=bx-a$의 그래프가 지나는 사분면은?","처음 그래프가 제 $3$사분면을 지나지 않으므로 기울기 $a < 0$, $y$절편 $b > 0$임을 추론한다.","새로운 일차함수 $y=bx-a$의 기울기는 $b$이므로 양수임을 파악한다.","새로운 일차함수의 $y$절편은 $-a$이고, $a < 0$이므로 $-a$는 양수임을 파악한다.","기울기가 양수이고 $y$절편도 양수인 직선이 지나는 사분면을 종합하여 알아낸다.",1-2-3-4
DESIGN_T_024,설계,TOUGH,"둘레의 길이가 $400\text{m}$인 원 모양의 트랙을 A는 초속 $5\text{m}$, B는 초속 $3\text{m}$로 걷고 있다. 두 사람이 같은 지점에서 동시에 출발하여 같은 방향으로 돌 때, 처음으로 다시 만나게 되는 것은 출발한 지 몇 초 후인가?","원 모양 트랙에서 같은 방향으로 돌아 만난다는 것은 이동 거리의 차이가 정확히 한 바퀴($400\text{m}$)임을 파악한다.","두 사람이 다시 만나는 데 걸리는 시간을 $x$초로 미지수를 설정한다.","빠른 A의 이동 거리 $5x$에서 느린 B의 이동 거리 $3x$를 뺀 식이 $400$과 같다는 일차방정식을 세운다.","방정식 $2x = 400$을 풀고, 두 사람이 만나는 데 걸린 시간 $x$를 최종적으로 구한다.",1-2-3-4
DESIGN_T_025,설계,TOUGH,"학생들이 승합차를 나누어 타려고 한다. 한 대에 $5$명씩 타면 $12$명이 남고, $7$명씩 타면 마지막 한 대에는 $1$명 이상 $6$명 이하가 탄다고 할 때, 가능한 승합차의 최대 대수는?","승합차의 대수를 미지수 $x$로 두고 전체 학생 수를 $5x+12$로 수식화한다.","$7$명씩 타는 상황에서 완전히 꽉 찬 차는 $(x-1)$대임을 파악한다.","전체 학생 수가 $7(x-1)+1$ 이상이고 $7(x-1)+6$ 이하라는 연립부등식을 세운다.","두 개의 부등식을 각각 풀고 공통 범위를 만족하는 $x$ 중 가장 큰 정수를 구한다.",1-2-3-4
DESIGN_VT_001,설계,VERY TOUGH,"이차함수 $y=x^2-2kx+k^2+3k-1$의 그래프와 직선 $y=2x+m$이 실수 $k$의 값에 관계없이 항상 접할 때, 상수 $m$의 값은?","두 식의 $y$값을 같다고 놓고 우변으로 정리하여 $x^2 - 2(k+1)x + k^2 + 3k - 1 - m = 0$ 이라는 이차방정식을 세운다.","접한다는 조건으로부터 이 이차방정식이 중근을 가져야 하므로 짝수 판별식 $\frac{D}{4} = 0$식을 세운다.","판별식 식을 전개하고 소거한 후, '실수 $k$에 관계없이'라는 조건에 맞춰 $k$가 있는 항과 없는 항으로 묶어 항등식 꼴로 정리한다.","$k$의 계수 부분과 상수항 부분이 모두 $0$이 되어야 한다는 조건을 연립하여 $m$의 최종 값을 구한다.",1-2-3-4
DESIGN_VT_002,설계,VERY TOUGH,"자연수 $n$에 대하여 $n^4 - 10n^2 + 9$가 소수가 되도록 하는 모든 자연수 $n$의 값의 합은?","주어진 복이차식을 $n^2$을 하나의 문자로 생각하여 $(n^2-1)(n^2-9)$로 일차적인 인수분해를 한다.","합차공식을 연이어 적용하여 $(n-1)(n+1)(n-3)(n+3)$의 네 일차식의 곱으로 완전히 인수분해한다.","전체 곱셈의 결과가 소수가 되려면 네 개의 정수 인수 중 세 개가 절대값 $1$을 가져야 함을 추론한다.","인수가 $1$ 또는 $-1$이 될 수 있는 $n$의 후보($2, 4$ 등)를 대입하여 결과가 실제 양의 소수가 되는 $n$만 찾아 합한다.",1-2-3-4
DESIGN_VT_003,설계,VERY TOUGH,"$\sqrt{n^2 - 10n + 40}$이 자연수가 되도록 하는 모든 정수 $n$의 값의 합은?","근호 안의 식을 완전제곱식 형태로 변형하여 $(n-5)^2 + 15$를 만든다.","전체 값이 자연수 $k$가 된다고 가정하고 양변을 제곱하여 $(n-5)^2 + 15 = k^2$ 이라는 식을 세운다.","이항을 통해 $k^2 - (n-5)^2 = 15$를 만들고, 좌변에 합차공식을 적용하여 $(k - n + 5)(k + n - 5) = 15$ 형태의 부정방정식을 유도한다.","곱해서 $15$가 되는 두 정수 쌍을 모두 찾아 연립방정식을 풀고, 이를 만족하는 정수 $n$을 모두 더한다.",1-2-3-4
DESIGN_VT_004,설계,VERY TOUGH,"연립부등식 $2x - a < x + 3 \le 3x + b$를 만족하는 정수 $x$가 오직 $1$뿐일 때, $a-b$의 최댓값은? (단, $a, b$는 정수)","연립부등식을 두 부분으로 나누어 각각 풀고, 해가 $x < a+3$과 $x \ge \frac{3-b}{2}$임을 구한다.","두 해의 공통 범위인 $\frac{3-b}{2} \le x < a+3$ 안에 들어가는 정수가 오직 $1$뿐이어야 함을 파악한다.","경계값의 포함 여부를 고려하여 수직선 상에서 $0 < \frac{3-b}{2} \le 1$ 이고 $1 < a+3 \le 2$ 라는 두 개의 부등식을 세운다.","각 부등식을 풀어 정수 $a, b$의 조건을 구하고, $a$가 최대이고 $b$가 최소일 때 $a-b$가 최대가 됨을 이용하여 값을 계산한다.",1-2-3-4
DESIGN_VT_005,설계,VERY TOUGH,"강을 따라 $24\text{km}$ 떨어진 두 지점을 배를 타고 왕복한다. 강물을 거슬러 올라가는 데 걸린 시간은 강물을 따라 내려오는 데 걸린 시간의 $2$배이고 총 $6$시간이 걸렸다. 정지한 물에서의 배의 속력은?","정지한 물에서의 배의 속력을 $x\text{km/h}$, 강물의 속력을 $y\text{km/h}$로 두 미지수를 설정한다.","거슬러 올라갈 때의 실제 속력을 $(x-y)$, 내려올 때의 실제 속력을 $(x+y)$로 속력을 수식화한다.","시간에 관한 조건으로 $\frac{24}{x-y} = 2 \times \frac{24}{x+y}$와 $\frac{24}{x-y} + \frac{24}{x+y} = 6$ 이라는 연립방정식을 세운다.","분수 형태의 연립방정식에서 첫 번째 식을 정리하여 $x$와 $y$의 비율 관계를 찾고, 이를 두 번째 식에 대입하여 $x$를 구한다.",1-2-3-4
DESIGN_VT_006,설계,VERY TOUGH,"$x$에 대한 이차방정식 $x^2 - (2m-1)x + m^2 - 3 = 0$의 두 근이 모두 음수일 때, 실수 $m$의 값의 범위는?","두 근이 실근이어야 하므로 판별식 $D = (2m-1)^2 - 4(m^2-3) \ge 0$ 식을 세우고 $m$의 첫 번째 범위를 구한다.","두 근이 모두 음수라는 조건에서 근과 계수의 관계를 이용하여 두 근의 합 $2m-1 < 0$ 부등식을 세우고 두 번째 범위를 구한다.","두 근이 모두 음수이므로 두 근의 곱 $m^2-3 > 0$ 이차부등식을 세우고 세 번째 범위를 구한다.","수직선을 그려 앞서 구한 세 부등식의 해의 공통 부분을 찾아 최종적인 $m$의 범위를 확정한다.",1-2-3-4
DESIGN_VT_007,설계,VERY TOUGH,"물통에 물을 채우는 데 A와 B가 함께 하면 $4$시간, B와 C가 함께 하면 $6$시간, C와 A가 함께 하면 $3$시간이 걸린다. 세 호스를 모두 함께 사용하여 가득 채우는 데 걸리는 시간은?","전체 물의 양을 $1$로 두고, A, B, C 호스가 $1$시간 동안 채우는 양을 각각 $x, y, z$로 둔다.","주어진 조건에 따라 $x+y=\frac{1}{4}$, $y+z=\frac{1}{6}$, $z+x=\frac{1}{3}$ 이라는 세 개의 일차방정식을 세운다.","세 방정식을 모두 변끼리 더하여 $2(x+y+z) = \frac{3}{4}$를 유도하고 양변을 $2$로 나누어 $x+y+z = \frac{3}{8}$을 구한다.","세 호스가 함께 $1$시간 동안 채우는 양이 전체의 $\frac{3}{8}$이므로, 전체를 채우는 데 걸리는 시간은 그 역수인 $\frac{8}{3}$시간임을 계산한다.",1-2-3-4
DESIGN_VT_008,설계,VERY TOUGH,"이차함수 $y=-x^2+4x$의 그래프와 $x$축으로 둘러싸인 부분에 직사각형이 내접한다. 직사각형의 한 변이 $x$축 위에 있을 때 둘레의 길이의 최댓값은?","이차함수의 그래프가 직선 $x=2$에 대하여 선대칭임을 파악하고, 제 $1$사분면에 있는 꼭짓점의 $x$좌표를 $a$ ($2<a<4$)로 둔다.","해당 꼭짓점의 $y$좌표를 $-a^2+4a$로 표현하여 직사각형의 세로의 길이를 $a$에 관한 식으로 나타낸다.","대칭성에 의해 직사각형의 가로의 길이가 $2(a-2)$임을 파악하고, (가로+세로)$\times 2$를 통해 둘레의 길이를 이차함수 식으로 세운다.","둘레의 길이 식을 완전제곱식을 이용한 표준형으로 변형하여 꼭짓점을 찾고, 제한된 범위 내에서 최댓값을 구한다.",1-2-3-4
DESIGN_VT_009,설계,VERY TOUGH,"다항식 $(x+1)(x+3)(x+5)(x+7) + k$가 완전제곱식으로 인수분해되도록 하는 상수 $k$의 값은?","네 개의 일차식을 묶어 전개할 때, 상수항의 합이 같아져 공통부분이 생기도록 $(x+1)(x+7)$과 $(x+3)(x+5)$로 짝을 짓는다.","두 묶음을 각각 전개하여 $(x^2+8x+7)(x^2+8x+15) + k$의 형태로 만든다.","공통부분인 $x^2+8x$를 새로운 문자 $A$로 치환하고 식을 전개하여 $A^2 + 22A + 105 + k$라는 이차식을 세운다.","이 식이 $A$에 대한 완전제곱식이 되기 위해 일차항 계수 절반의 제곱이 상수항과 같아야 함을 이용하여 $11^2 = 105 + k$ 식을 풀고 $k$를 구한다.",1-2-3-4
DESIGN_VT_010,설계,VERY TOUGH,"두 자리 자연수 $A$의 십의 자리 숫자와 일의 자리 숫자를 바꾼 수를 $B$라 할 때, $\sqrt{A+B}$가 자연수가 되도록 하는 가장 큰 $A$의 값은?","$A$의 십의 자리 숫자를 $x$, 일의 자리 숫자를 $y$로 두고 $A=10x+y$, $B=10y+x$로 미지수를 이용해 표현한다.","$A+B$를 더하여 $11(x+y)$로 정리하고, 주어진 식이 $\sqrt{11(x+y)}$ 형태가 됨을 파악한다.","근호 전체가 자연수가 되려면 근호 안의 수가 어떤 수의 제곱이 되어야 하므로, $x+y$가 $11 \times k^2$ 꼴이어야 함을 추론한다.","$x, y$가 한 자리 자연수이므로 $x+y$의 최댓값이 $18$임을 이용해 유일한 경우인 $x+y=11$을 찾고 $A$가 최대가 되는 조합을 찾는다.",1-2-3-4
DESIGN_VT_011,설계,VERY TOUGH,"$x = \frac{\sqrt{3}+1}{\sqrt{3}-1}$, $y = \frac{\sqrt{3}-1}{\sqrt{3}+1}$일 때, $\frac{y^2}{x} + \frac{x^2}{y}$의 값은?","주어진 $x$와 $y$의 분모를 각각 유리화하여 $x = 2+\sqrt{3}$과 $y = 2-\sqrt{3}$으로 식을 간단히 한다.","대칭식의 계산을 위해 유리화된 두 수의 합인 $x+y=4$와 곱인 $xy=1$을 미리 계산해 둔다.","구하고자 하는 분수식을 공통분모 $xy$로 통분하여 $\frac{x^3+y^3}{xy}$ 형태로 변형한다.","분자의 $x^3+y^3$을 곱셈공식의 변형인 $(x+y)^3 - 3xy(x+y)$를 적용하여 오직 합과 곱의 수치만으로 최종 값을 계산한다.",1-2-3-4
DESIGN_VT_012,설계,VERY TOUGH,"이차방정식 $x^2 - ax + 2a = 0$의 두 근이 모두 양의 정수일 때, 이를 만족하는 상수 $a$의 값은?","두 양의 정수 근을 $\alpha, \beta$로 두고 근과 계수의 관계를 이용하여 $\alpha+\beta=a$와 $\alpha\beta=2a$라는 두 식을 세운다.","$a$를 소거하고 하나의 방정식으로 합치기 위해 첫 번째 식의 양변에 $2$를 곱하여 $2\alpha+2\beta = \alpha\beta$라는 등식을 유도한다.","모든 항을 이항하고 인수분해 기법을 억지로 적용하여 $(\alpha-2)(\beta-2) = 4$ 형태의 정수 조건 부정방정식을 만든다.","곱해서 $4$가 되는 정수 쌍 중 양의 정수 조건을 만족하는 $(\alpha, \beta)$ 쌍을 찾고 이를 이용해 $a$의 값을 도출한다.",1-2-3-4
DESIGN_VT_013,설계,VERY TOUGH,"작년 남학생과 여학생 수의 비는 $5:4$였다. 올해 남학생은 $10\%$ 증가하고 여학생은 $20$명 감소하여 전체가 $5\%$ 증가했다면 올해의 여학생 수는?","작년 남학생 수를 $5x$, 여학생 수를 $4x$로 두고, 작년 전체 학생 수를 $9x$로 미지수를 설정한다.","올해 학생 수의 변화량(증감)만을 추출하여 남학생은 $+0.1 \times 5x$, 여학생은 $-20$으로 수식화한다.","증감 인원을 모두 합한 값이 작년 전체 인원의 $5\%$ 증가와 같다는 방정식 $0.5x - 20 = 9x \times 0.05$를 세운다.","일차방정식을 풀어 $x$를 구하고, 이를 대입해 작년 여학생 수를 구한 뒤 $20$명을 빼서 최종적으로 올해 여학생 수를 구한다.",1-2-3-4
DESIGN_VT_014,설계,VERY TOUGH,"세 직선 $x-y+2=0, 2x+y-8=0, ax-y+1=0$이 삼각형을 이루지 않도록 하는 모든 상수 $a$의 값의 합은?","세 직선이 삼각형을 이루지 않는 첫 번째 조건은 세 직선 중 어느 두 직선이라도 서로 평행할 때임을 떠올린다.","세 번째 직선이 첫 번째 직선의 기울기와 같을 때의 $a$값, 두 번째 직선의 기울기와 같을 때의 $a$값을 각각 구한다.","세 직선이 삼각형을 이루지 않는 두 번째 조건은 세 직선이 모두 한 점에서 만날 때(교점이 일치할 때)임을 떠올린다.","첫 번째와 두 번째 직선을 연립하여 교점의 좌표를 구하고, 이 교점이 세 번째 직선 위에도 있어야 함을 이용해 남은 $a$값을 구하고 모두 더한다.",1-2-3-4
DESIGN_VT_015,설계,VERY TOUGH,"자연수 $n$에 대하여 $f(n) = \frac{1}{\sqrt{n+2} + \sqrt{n}}$일 때, $f(1) + f(3) + f(5) + \dots + f(99)$의 값은?","주어진 식 $f(n)$의 분모와 분자에 켤레무리수 $\sqrt{n+2} - \sqrt{n}$을 곱하여 분모를 유리화할 계획을 세운다.","분모가 합차공식에 의해 $n+2-n=2$로 간단해짐을 확인하고 식을 $f(n) = \frac{\sqrt{n+2} - \sqrt{n}}{2}$으로 정리한다.","$n$에 $1, 3, 5 \dots 99$를 차례대로 대입하여 나열한 후, 식 전체를 공통분모 $2$로 묶어 분자들의 긴 덧셈식을 만든다.","이웃하지 않고 한 칸씩 건너뛰면서 뒤의 항과 앞의 항이 소거되는 규칙성을 파악하여 남은 처음과 끝의 수만으로 계산한다.",1-2-3-4
DESIGN_VT_016,설계,VERY TOUGH,"시계가 $5$시 $x$분일 때 시침과 분침이 서로 반대 방향을 가리키며 일직선이 된다. 이때 분을 나타내는 $x$의 값은?","$12$시 정각을 $0^\circ$ 기준으로 했을 때, 분침이 $1$분에 $6^\circ$씩 움직이므로 $x$분 동안 움직인 각도가 $6x^\circ$임을 확인한다.","$5$시 정각일 때 시침의 기본 각도인 $150^\circ$에 시침이 $x$분 동안 미세하게 움직인 각도 $0.5x^\circ$를 더해 시침의 현재 각도를 구한다.","분침이 시침을 앞질러 반대 방향으로 일직선이 되므로, (분침의 각도) - (시침의 각도) = $180^\circ$라는 각도 차이 방정식을 세운다.","세워진 일차방정식 $6x - (150 + 0.5x) = 180$을 풀고 계산하여 $x$를 분수 형태로 정확하게 구한다.",1-2-3-4
DESIGN_VT_017,설계,VERY TOUGH,"$x = 3 - 2\sqrt{2}$일 때, 다항식 $\frac{x^3 - 3x^2 + x + 2}{x^2 - 2x}$의 값은?","주어진 무리수 식에서 유리수 부분인 $3$을 좌변으로 이항하여 $x-3 = -2\sqrt{2}$를 만든다.","등식의 양변을 제곱하고 전개하여 무리수를 없앤 $x^2 - 6x + 1 = 0$ 이라는 이차방정식 꼴의 조건을 유도해낸다.","분자의 삼차식을 직접 나눗셈이나 식의 변형을 통해 $(x^2 - 6x + 1)(x+3) + 18x - 1$ 형태로 바꾸어 차수를 크게 낮춘다.","차수가 낮아진 분자와 분모에 처음 주어진 $x$의 값을 각각 대입하고, 유리화를 거쳐 최종 값을 계산한다.",1-2-3-4
DESIGN_VT_018,설계,VERY TOUGH,"두 일차함수 $y=x+2$와 $y=-2x+8$의 그래프와 $x$축으로 둘러싸인 삼각형의 내부에 존재하는 정수 점 $(x, y)$의 개수는? (경계선 제외)","두 일차함수의 $x$절편인 $-2$와 $4$를 각각 구하여 삼각형이 놓인 $x$축 상의 가로 구간을 파악한다.","두 일차함수 식을 연립하여 꼭짓점(교점)의 좌표가 $(2, 4)$임을 구하고 내부 정수 점의 $y$좌표가 $1, 2, 3$만 가능함을 파악한다.","각각의 가능한 정수 $y$값($1, 2, 3$)마다 방정식에 대입하여 두 직선의 $x$값을 경계로 구한다.","각 $y$값 층별로 두 경계 $x$값 사이에 존재하는 정수 $x$의 개수를 직접 세고 그 결과를 모두 합산한다.",1-2-3-4
DESIGN_VT_019,설계,VERY TOUGH,"이차방정식 $x^2 - (a+1)x + a - 2 = 0$의 두 근 $\alpha, \beta$에 대하여 $\alpha^2 + \beta^2 = 5$를 만족하는 양수 $a$의 값은?","이차방정식의 근과 계수의 관계를 이용하여 두 근의 합 $\alpha+\beta=a+1$과 두 근의 곱 $\alpha\beta=a-2$를 식으로 세운다.","곱셈공식의 변형을 이용하여 주어진 조건인 $\alpha^2 + \beta^2 = 5$를 $(\alpha+\beta)^2 - 2\alpha\beta = 5$의 형태로 변형한다.","변형된 식에 앞서 구한 합과 곱을 대입하여 $(a+1)^2 - 2(a-2) = 5$라는 $a$에 대한 새로운 이차방정식을 세운다.","전개 후 인수분해하여 이차방정식을 풀고, 구해진 두 개의 해 중 양수 조건에 맞는 $a$를 최종 선택한다.",1-2-3-4
DESIGN_VT_020,설계,VERY TOUGH,"물 펌프 A로는 10시간, B로는 15시간 만에 저수지를 비운다. A 3대, B 2대로 동시에 빼다가 도중 A 1대가 고장나 남은 물을 빼는데 총 2시간 12분이 걸렸다. 고장 전까지 걸린 시간은?","저수지 전체 물의 양을 $1$로 두고, 펌프 A, B 한 대가 $1$시간 동안 빼는 일의 양을 각각 $\frac{1}{10}$과 $\frac{1}{15}$로 설정한다.","고장 나기 전 펌프 조합(A 3대, B 2대)과 고장 난 후 조합(A 2대, B 2대)이 $1$시간에 하는 일의 양을 각각 계산해둔다.","처음에 물을 뺀 시간을 $x$시간, 고장 난 후 물을 뺀 시간을 $y$시간으로 두고 총 시간에 대한 식 $x+y = 2.2$를 세운다.","전체 물의 양 $1$을 채우는 일에 대한 방정식 $\frac{13}{30}x + \frac{10}{30}y = 1$을 세우고, 앞선 식과 연립하여 풀어 $x$를 구한다.",1-2-3-4
DESIGN_VT_021,설계,VERY TOUGH,"다항식 $x^2(y-z) + y^2(z-x) + z^2(x-y)$를 올바르게 인수분해하는 과정은?","주어진 식을 완전히 전개한 후, 식의 구조를 파악하고 차수가 모두 같으므로 한 문자 $x$에 대하여 내림차순으로 다시 정리한다.","$x^2$이 포함된 항, $x$가 포함된 항, 그리고 나머지 상수항 그룹으로 묶어 식을 $(y-z)x^2 - (y^2-z^2)x + yz(y-z)$로 정리한다.","각 그룹에서 공통인수 $(y-z)$를 찾아 묶어내어 전체 식을 $(y-z)\{x^2 - (y+z)x + yz\}$ 형태의 대괄호 식으로 변형한다.","대괄호 안의 이차식이 $(x-y)(x-z)$로 인수분해됨을 확인하고, 꼴을 예쁘게 맞추기 위해 마이너스를 빼내어 $-(x-y)(y-z)(z-x)$로 완성한다.",1-2-3-4
DESIGN_VT_022,설계,VERY TOUGH,"청바지의 원가에 $30\%$ 이익을 붙여 정가를 정했다. 세일 기간에 정가에서 $20\%$를 할인하여 팔았더니 청바지 한 벌당 $2000$원의 이익이 생겼다. 청바지의 원가는?","구하고자 하는 청바지의 초기 원가를 미지수 $x$원으로 설정한다.","원가에 $30\%$의 이익을 더한 정가의 식을 $x(1+0.3)$ 즉, $1.3x$로 백분율을 적용하여 수식화한다.","정해진 정가에서 다시 $20\%$를 할인한 최종 판매 가격을 $1.3x(1-0.2)$ 즉, $1.04x$로 계산해 낸다.","최종적으로 '실제 판매 가격 - 원가 = 이익' 이라는 재무 구조를 이용하여 $1.04x - x = 2000$ 방정식을 세우고 원가를 구한다.",1-2-3-4
DESIGN_VT_023,설계,VERY TOUGH,"일차함수 $y=-x+6$ 위의 제 $1$사분면 점 $P$에서 $x$축, $y$축에 내린 수선의 발을 $Q, R$이라 하자. 직사각형 $OQPR$의 넓이가 최대일 때, 점 $P$의 좌표는? (O는 원점)","점 $P$의 $x$좌표를 $a$ ($0<a<6$)로 두고, $P$가 주어진 직선 위에 있음을 이용하여 $y$좌표를 $-a+6$으로 미지수 설정한다.","원점과 수선의 발로 이루어진 직사각형의 가로 길이는 $a$, 세로 길이는 $-a+6$이 됨을 확인하고, 넓이를 구하는 식 $a(-a+6)$을 세운다.","넓이를 나타내는 식을 전개하여 $a$에 대한 위로 볼록한 이차함수 형태인 $-a^2+6a$로 만든다.","이차함수 식을 완전제곱식 꼴인 $-(a-3)^2+9$로 변형하여 넓이가 최대가 되게 하는 $a$의 값을 찾고 점 $P$의 좌표를 확정한다.",1-2-3-4
DESIGN_VT_024,설계,VERY TOUGH,"좌표평면의 세 점 $A(-1, 4), B(3, 1), C(-2, -1)$을 꼭짓점으로 하는 삼각형 $ABC$가 있다. 일차함수 $y=ax+2$의 그래프가 이 삼각형과 만날 때, 상수 $a$의 최댓값과 최솟값의 합은?","주어진 일차함수 $y=ax+2$는 기울기 $a$의 값에 관계없이 $y$축 위의 고정된 점 $(0, 2)$를 항상 지난다는 핵심 특징을 파악한다.","고정된 점 $(0, 2)$를 중심으로 직선이 회전한다고 상상하고, 삼각형과 만나기 위해 한계선이 되는 두 꼭짓점 $A$와 $B$를 파악한다.","직선이 가장 가파를 때인 점 $A(-1, 4)$를 지날 때의 $a$값을 식에 대입하여 구하고 이를 최솟값으로 확정한다.","직선이 반대쪽 한계인 점 $B(3, 1)$을 지날 때의 $a$값을 식에 대입하여 구하고 이를 최댓값으로 확정한 뒤 두 값을 더한다.",1-2-3-4
DESIGN_VT_025,설계,VERY TOUGH,"세 정수 $a, b, c$에 대하여 다항식 $x^3 - 3x^2 + 2x + 5$를 $x-2$로 나누었을 때의 몫이 $x^2 + ax + b$이고 나머지가 $c$일 때, $a+b+c$의 값은?","다항식 나눗셈의 검산식 원리를 이용하여 $x^3 - 3x^2 + 2x + 5 = (x-2)(x^2 + ax + b) + c$ 라는 항등식을 세운다.","세워진 우변의 식을 모두 전개하여 $x^3 + (a-2)x^2 + (b-2a)x - 2b + c$ 형태로 내림차순 정리한다.","좌변과 우변이 완벽히 같은 항등식이므로, 이차항의 계수 비교를 통해 $a-2 = -3$ 식을 세우고 $a = -1$을 구한다.","일차항 계수 비교를 통해 $b$를 구하고, 상수항 비교를 통해 $c$를 구한 뒤 세 정수의 값을 모두 합하여 계산한다.",1-2-3-4
